-- MySQL dump 10.13  Distrib 8.0.29, for Linux (x86_64)
--
-- Host: shaileshyadav1416.mysql.pythonanywhere-services.com    Database: shaileshyadav141$elearning
-- ------------------------------------------------------
-- Server version	5.7.34-log

/*!40101 SET @OLD_CHARACTER_SET_CLIENT=@@CHARACTER_SET_CLIENT */;
/*!40101 SET @OLD_CHARACTER_SET_RESULTS=@@CHARACTER_SET_RESULTS */;
/*!40101 SET @OLD_COLLATION_CONNECTION=@@COLLATION_CONNECTION */;
/*!50503 SET NAMES utf8mb4 */;
/*!40103 SET @OLD_TIME_ZONE=@@TIME_ZONE */;
/*!40103 SET TIME_ZONE='+00:00' */;
/*!40014 SET @OLD_UNIQUE_CHECKS=@@UNIQUE_CHECKS, UNIQUE_CHECKS=0 */;
/*!40014 SET @OLD_FOREIGN_KEY_CHECKS=@@FOREIGN_KEY_CHECKS, FOREIGN_KEY_CHECKS=0 */;
/*!40101 SET @OLD_SQL_MODE=@@SQL_MODE, SQL_MODE='NO_AUTO_VALUE_ON_ZERO' */;
/*!40111 SET @OLD_SQL_NOTES=@@SQL_NOTES, SQL_NOTES=0 */;

--
-- Table structure for table `auth_group`
--

DROP TABLE IF EXISTS `auth_group`;
/*!40101 SET @saved_cs_client     = @@character_set_client */;
/*!50503 SET character_set_client = utf8mb4 */;
CREATE TABLE `auth_group` (
  `id` int(11) NOT NULL AUTO_INCREMENT,
  `name` varchar(150) NOT NULL,
  PRIMARY KEY (`id`),
  UNIQUE KEY `name` (`name`)
) ENGINE=InnoDB DEFAULT CHARSET=utf8;
/*!40101 SET character_set_client = @saved_cs_client */;

--
-- Dumping data for table `auth_group`
--

LOCK TABLES `auth_group` WRITE;
/*!40000 ALTER TABLE `auth_group` DISABLE KEYS */;
/*!40000 ALTER TABLE `auth_group` ENABLE KEYS */;
UNLOCK TABLES;

--
-- Table structure for table `auth_group_permissions`
--

DROP TABLE IF EXISTS `auth_group_permissions`;
/*!40101 SET @saved_cs_client     = @@character_set_client */;
/*!50503 SET character_set_client = utf8mb4 */;
CREATE TABLE `auth_group_permissions` (
  `id` bigint(20) NOT NULL AUTO_INCREMENT,
  `group_id` int(11) NOT NULL,
  `permission_id` int(11) NOT NULL,
  PRIMARY KEY (`id`),
  UNIQUE KEY `auth_group_permissions_group_id_permission_id_0cd325b0_uniq` (`group_id`,`permission_id`),
  KEY `auth_group_permissio_permission_id_84c5c92e_fk_auth_perm` (`permission_id`),
  CONSTRAINT `auth_group_permissio_permission_id_84c5c92e_fk_auth_perm` FOREIGN KEY (`permission_id`) REFERENCES `auth_permission` (`id`),
  CONSTRAINT `auth_group_permissions_group_id_b120cbf9_fk_auth_group_id` FOREIGN KEY (`group_id`) REFERENCES `auth_group` (`id`)
) ENGINE=InnoDB DEFAULT CHARSET=utf8;
/*!40101 SET character_set_client = @saved_cs_client */;

--
-- Dumping data for table `auth_group_permissions`
--

LOCK TABLES `auth_group_permissions` WRITE;
/*!40000 ALTER TABLE `auth_group_permissions` DISABLE KEYS */;
/*!40000 ALTER TABLE `auth_group_permissions` ENABLE KEYS */;
UNLOCK TABLES;

--
-- Table structure for table `auth_permission`
--

DROP TABLE IF EXISTS `auth_permission`;
/*!40101 SET @saved_cs_client     = @@character_set_client */;
/*!50503 SET character_set_client = utf8mb4 */;
CREATE TABLE `auth_permission` (
  `id` int(11) NOT NULL AUTO_INCREMENT,
  `name` varchar(255) NOT NULL,
  `content_type_id` int(11) NOT NULL,
  `codename` varchar(100) NOT NULL,
  PRIMARY KEY (`id`),
  UNIQUE KEY `auth_permission_content_type_id_codename_01ab375a_uniq` (`content_type_id`,`codename`),
  CONSTRAINT `auth_permission_content_type_id_2f476e4b_fk_django_co` FOREIGN KEY (`content_type_id`) REFERENCES `django_content_type` (`id`)
) ENGINE=InnoDB AUTO_INCREMENT=57 DEFAULT CHARSET=utf8;
/*!40101 SET character_set_client = @saved_cs_client */;

--
-- Dumping data for table `auth_permission`
--

LOCK TABLES `auth_permission` WRITE;
/*!40000 ALTER TABLE `auth_permission` DISABLE KEYS */;
INSERT INTO `auth_permission` VALUES (1,'Can add course',1,'add_course'),(2,'Can change course',1,'change_course'),(3,'Can delete course',1,'delete_course'),(4,'Can view course',1,'view_course'),(5,'Can add video',2,'add_video'),(6,'Can change video',2,'change_video'),(7,'Can delete video',2,'delete_video'),(8,'Can view video',2,'view_video'),(9,'Can add video views',3,'add_videoviews'),(10,'Can change video views',3,'change_videoviews'),(11,'Can delete video views',3,'delete_videoviews'),(12,'Can view video views',3,'view_videoviews'),(13,'Can add mcq',4,'add_mcq'),(14,'Can change mcq',4,'change_mcq'),(15,'Can delete mcq',4,'delete_mcq'),(16,'Can view mcq',4,'view_mcq'),(17,'Can add admission',5,'add_admission'),(18,'Can change admission',5,'change_admission'),(19,'Can delete admission',5,'delete_admission'),(20,'Can view admission',5,'view_admission'),(21,'Can add section',6,'add_section'),(22,'Can change section',6,'change_section'),(23,'Can delete section',6,'delete_section'),(24,'Can view section',6,'view_section'),(25,'Can add faculty check',7,'add_facultycheck'),(26,'Can change faculty check',7,'change_facultycheck'),(27,'Can delete faculty check',7,'delete_facultycheck'),(28,'Can view faculty check',7,'view_facultycheck'),(29,'Can add log entry',8,'add_logentry'),(30,'Can change log entry',8,'change_logentry'),(31,'Can delete log entry',8,'delete_logentry'),(32,'Can view log entry',8,'view_logentry'),(33,'Can add permission',9,'add_permission'),(34,'Can change permission',9,'change_permission'),(35,'Can delete permission',9,'delete_permission'),(36,'Can view permission',9,'view_permission'),(37,'Can add group',10,'add_group'),(38,'Can change group',10,'change_group'),(39,'Can delete group',10,'delete_group'),(40,'Can view group',10,'view_group'),(41,'Can add user',11,'add_user'),(42,'Can change user',11,'change_user'),(43,'Can delete user',11,'delete_user'),(44,'Can view user',11,'view_user'),(45,'Can add content type',12,'add_contenttype'),(46,'Can change content type',12,'change_contenttype'),(47,'Can delete content type',12,'delete_contenttype'),(48,'Can view content type',12,'view_contenttype'),(49,'Can add session',13,'add_session'),(50,'Can change session',13,'change_session'),(51,'Can delete session',13,'delete_session'),(52,'Can view session',13,'view_session'),(53,'Can add attendence',14,'add_attendence'),(54,'Can change attendence',14,'change_attendence'),(55,'Can delete attendence',14,'delete_attendence'),(56,'Can view attendence',14,'view_attendence');
/*!40000 ALTER TABLE `auth_permission` ENABLE KEYS */;
UNLOCK TABLES;

--
-- Table structure for table `auth_user`
--

DROP TABLE IF EXISTS `auth_user`;
/*!40101 SET @saved_cs_client     = @@character_set_client */;
/*!50503 SET character_set_client = utf8mb4 */;
CREATE TABLE `auth_user` (
  `id` int(11) NOT NULL AUTO_INCREMENT,
  `password` varchar(128) NOT NULL,
  `last_login` datetime(6) DEFAULT NULL,
  `is_superuser` tinyint(1) NOT NULL,
  `username` varchar(150) NOT NULL,
  `first_name` varchar(150) NOT NULL,
  `last_name` varchar(150) NOT NULL,
  `email` varchar(254) NOT NULL,
  `is_staff` tinyint(1) NOT NULL,
  `is_active` tinyint(1) NOT NULL,
  `date_joined` datetime(6) NOT NULL,
  PRIMARY KEY (`id`),
  UNIQUE KEY `username` (`username`)
) ENGINE=InnoDB AUTO_INCREMENT=8 DEFAULT CHARSET=utf8;
/*!40101 SET character_set_client = @saved_cs_client */;

--
-- Dumping data for table `auth_user`
--

LOCK TABLES `auth_user` WRITE;
/*!40000 ALTER TABLE `auth_user` DISABLE KEYS */;
INSERT INTO `auth_user` VALUES (1,'pbkdf2_sha256$390000$Z7LDWkKq3Uo2ABGtil8Ipe$da3iHBI7xNYC/1apFmMmViG9sDwbCl3CoTQ4+iW5OVg=','2022-10-08 13:45:19.000000',1,'shaileshyadav1416','','','shaileshyadav1416@gmail.com',1,1,'2022-10-08 13:41:19.000000'),(2,'pbkdf2_sha256$390000$FCOi2jQaMQIVsDsElFlw6G$Y46HDj3S720TEQrlQTdiQnSWIg4a54UsqAy86F6lgFA=','2022-10-20 14:22:12.141336',0,'abhijit','','','',1,1,'2022-10-08 13:47:13.000000'),(3,'pbkdf2_sha256$390000$AYaY2EWF6vuPf2LJUNICVg$sFcY1Ku8kuhXL3sx+T30DZrKKIXx7JuWNjQ+a+DZ63M=','2022-10-20 15:57:25.258108',1,'shailesh','','','shailesh@gmail.com',1,1,'2022-10-09 10:31:46.000000'),(4,'pbkdf2_sha256$390000$6JI0ndb5DtrJyYuTOyrLdt$WuK8pSlphcthATNN2PjekHiSwaKviAWbrbZtVmYooRc=','2022-10-20 11:09:23.478255',0,'savita','','','',1,1,'2022-10-11 12:38:27.000000'),(5,'pbkdf2_sha256$390000$Jb7xwv1vk2Cb5tmE9esL1a$jVzYgB2XxfNj8O4XCh1RJFftJsnouN1Kb65eGvgPhto=',NULL,0,'preet','','','',1,1,'2022-10-11 12:40:54.000000'),(6,'pbkdf2_sha256$390000$RWhEsk86UdK1uWTiAdeWHD$hz+KpnUvU3ItzhUKKQm8dGhfRuv7xSSPgGGjMMyn06w=','2022-10-15 07:21:29.883443',0,'darshika','','','',1,1,'2022-10-11 12:41:44.000000'),(7,'pbkdf2_sha256$390000$XLkKy3DIpNlSw7n1r4bhaH$OBcIBn3i+9HavXbu2PVdrMtDmLfZ/YJJDYN6RGpHr0o=','2022-10-20 06:43:26.472633',1,'shubhangi','','','',1,1,'2022-10-14 11:10:29.000000');
/*!40000 ALTER TABLE `auth_user` ENABLE KEYS */;
UNLOCK TABLES;

--
-- Table structure for table `auth_user_groups`
--

DROP TABLE IF EXISTS `auth_user_groups`;
/*!40101 SET @saved_cs_client     = @@character_set_client */;
/*!50503 SET character_set_client = utf8mb4 */;
CREATE TABLE `auth_user_groups` (
  `id` bigint(20) NOT NULL AUTO_INCREMENT,
  `user_id` int(11) NOT NULL,
  `group_id` int(11) NOT NULL,
  PRIMARY KEY (`id`),
  UNIQUE KEY `auth_user_groups_user_id_group_id_94350c0c_uniq` (`user_id`,`group_id`),
  KEY `auth_user_groups_group_id_97559544_fk_auth_group_id` (`group_id`),
  CONSTRAINT `auth_user_groups_group_id_97559544_fk_auth_group_id` FOREIGN KEY (`group_id`) REFERENCES `auth_group` (`id`),
  CONSTRAINT `auth_user_groups_user_id_6a12ed8b_fk_auth_user_id` FOREIGN KEY (`user_id`) REFERENCES `auth_user` (`id`)
) ENGINE=InnoDB DEFAULT CHARSET=utf8;
/*!40101 SET character_set_client = @saved_cs_client */;

--
-- Dumping data for table `auth_user_groups`
--

LOCK TABLES `auth_user_groups` WRITE;
/*!40000 ALTER TABLE `auth_user_groups` DISABLE KEYS */;
/*!40000 ALTER TABLE `auth_user_groups` ENABLE KEYS */;
UNLOCK TABLES;

--
-- Table structure for table `auth_user_user_permissions`
--

DROP TABLE IF EXISTS `auth_user_user_permissions`;
/*!40101 SET @saved_cs_client     = @@character_set_client */;
/*!50503 SET character_set_client = utf8mb4 */;
CREATE TABLE `auth_user_user_permissions` (
  `id` bigint(20) NOT NULL AUTO_INCREMENT,
  `user_id` int(11) NOT NULL,
  `permission_id` int(11) NOT NULL,
  PRIMARY KEY (`id`),
  UNIQUE KEY `auth_user_user_permissions_user_id_permission_id_14a6b632_uniq` (`user_id`,`permission_id`),
  KEY `auth_user_user_permi_permission_id_1fbb5f2c_fk_auth_perm` (`permission_id`),
  CONSTRAINT `auth_user_user_permi_permission_id_1fbb5f2c_fk_auth_perm` FOREIGN KEY (`permission_id`) REFERENCES `auth_permission` (`id`),
  CONSTRAINT `auth_user_user_permissions_user_id_a95ead1b_fk_auth_user_id` FOREIGN KEY (`user_id`) REFERENCES `auth_user` (`id`)
) ENGINE=InnoDB AUTO_INCREMENT=103 DEFAULT CHARSET=utf8;
/*!40101 SET character_set_client = @saved_cs_client */;

--
-- Dumping data for table `auth_user_user_permissions`
--

LOCK TABLES `auth_user_user_permissions` WRITE;
/*!40000 ALTER TABLE `auth_user_user_permissions` DISABLE KEYS */;
INSERT INTO `auth_user_user_permissions` VALUES (57,2,1),(58,2,2),(59,2,3),(60,2,4),(61,2,5),(62,2,6),(63,2,7),(64,2,8),(65,2,9),(66,2,10),(67,2,11),(68,2,12),(69,2,13),(70,2,14),(71,2,15),(72,2,16),(73,2,17),(74,2,18),(75,2,19),(76,2,20),(77,2,21),(78,2,22),(79,2,23),(80,2,24),(81,2,25),(82,2,26),(83,2,27),(84,2,28),(85,2,29),(86,2,30),(87,2,31),(88,2,32),(89,2,37),(90,2,44),(91,2,45),(92,2,46),(93,2,47),(94,2,48),(95,2,49),(96,2,50),(97,2,51),(98,2,52),(99,2,53),(100,2,54),(101,2,55),(102,2,56),(1,7,1),(2,7,2),(3,7,3),(4,7,4),(5,7,5),(6,7,6),(7,7,7),(8,7,8),(9,7,9),(10,7,10),(11,7,11),(12,7,12),(13,7,13),(14,7,14),(15,7,15),(16,7,16),(17,7,17),(18,7,18),(19,7,19),(20,7,20),(21,7,21),(22,7,22),(23,7,23),(24,7,24),(25,7,25),(26,7,26),(27,7,27),(28,7,28),(29,7,29),(30,7,30),(31,7,31),(32,7,32),(33,7,33),(34,7,34),(35,7,35),(36,7,36),(37,7,37),(38,7,38),(39,7,39),(40,7,40),(41,7,41),(42,7,42),(43,7,43),(44,7,44),(45,7,45),(46,7,46),(47,7,47),(48,7,48),(49,7,49),(50,7,50),(51,7,51),(52,7,52),(53,7,53),(54,7,54),(55,7,55),(56,7,56);
/*!40000 ALTER TABLE `auth_user_user_permissions` ENABLE KEYS */;
UNLOCK TABLES;

--
-- Table structure for table `django_admin_log`
--

DROP TABLE IF EXISTS `django_admin_log`;
/*!40101 SET @saved_cs_client     = @@character_set_client */;
/*!50503 SET character_set_client = utf8mb4 */;
CREATE TABLE `django_admin_log` (
  `id` int(11) NOT NULL AUTO_INCREMENT,
  `action_time` datetime(6) NOT NULL,
  `object_id` longtext,
  `object_repr` varchar(200) NOT NULL,
  `action_flag` smallint(5) unsigned NOT NULL,
  `change_message` longtext NOT NULL,
  `content_type_id` int(11) DEFAULT NULL,
  `user_id` int(11) NOT NULL,
  PRIMARY KEY (`id`),
  KEY `django_admin_log_content_type_id_c4bce8eb_fk_django_co` (`content_type_id`),
  KEY `django_admin_log_user_id_c564eba6_fk_auth_user_id` (`user_id`),
  CONSTRAINT `django_admin_log_content_type_id_c4bce8eb_fk_django_co` FOREIGN KEY (`content_type_id`) REFERENCES `django_content_type` (`id`),
  CONSTRAINT `django_admin_log_user_id_c564eba6_fk_auth_user_id` FOREIGN KEY (`user_id`) REFERENCES `auth_user` (`id`)
) ENGINE=InnoDB AUTO_INCREMENT=293 DEFAULT CHARSET=utf8;
/*!40101 SET character_set_client = @saved_cs_client */;

--
-- Dumping data for table `django_admin_log`
--

LOCK TABLES `django_admin_log` WRITE;
/*!40000 ALTER TABLE `django_admin_log` DISABLE KEYS */;
INSERT INTO `django_admin_log` VALUES (1,'2022-10-08 13:47:14.958010','2','abhijit@007',1,'[{\"added\": {}}]',11,1),(2,'2022-10-09 10:34:25.592575','1','shaileshyadav1416',2,'[{\"changed\": {\"fields\": [\"Email address\"]}}]',11,3),(3,'2022-10-09 10:35:02.855332','1','shaileshyadav1416',2,'[{\"changed\": {\"fields\": [\"password\"]}}]',11,3),(4,'2022-10-09 10:35:56.544090','2','abhijit@007',2,'[{\"changed\": {\"fields\": [\"password\"]}}]',11,3),(5,'2022-10-09 10:36:00.649628','2','abhijit@007',2,'[]',11,3),(6,'2022-10-09 10:36:20.841098','2','abhijit@007',2,'[{\"changed\": {\"fields\": [\"Staff status\"]}}]',11,3),(7,'2022-10-11 12:36:44.524255','3','shailesh',2,'[{\"changed\": {\"fields\": [\"password\"]}}]',11,3),(8,'2022-10-11 12:36:59.391218','3','shailesh',2,'[]',11,3),(9,'2022-10-11 12:37:31.105425','2','abhijit@007',2,'[{\"changed\": {\"fields\": [\"password\"]}}]',11,3),(10,'2022-10-11 12:37:37.520318','2','abhijit@007',2,'[]',11,3),(11,'2022-10-11 12:37:45.838368','2','abhijit',2,'[{\"changed\": {\"fields\": [\"Username\"]}}]',11,3),(12,'2022-10-11 12:38:28.150480','4','savita',1,'[{\"added\": {}}]',11,3),(13,'2022-10-11 12:38:42.891984','4','savita',2,'[{\"changed\": {\"fields\": [\"Staff status\"]}}]',11,3),(14,'2022-10-11 12:40:54.795531','5','preet',1,'[{\"added\": {}}]',11,3),(15,'2022-10-11 12:41:44.697460','6','darshika',1,'[{\"added\": {}}]',11,3),(16,'2022-10-11 12:41:52.175333','6','darshika',2,'[{\"changed\": {\"fields\": [\"Staff status\"]}}]',11,3),(17,'2022-10-11 12:42:08.408297','5','preet',2,'[{\"changed\": {\"fields\": [\"Staff status\"]}}]',11,3),(18,'2022-10-11 12:42:21.722878','4','savita',2,'[]',11,3),(19,'2022-10-11 12:42:31.824467','2','abhijit',2,'[{\"changed\": {\"fields\": [\"Superuser status\"]}}]',11,3),(20,'2022-10-11 12:49:09.036057','1','Smart Tally Specialist',1,'[{\"added\": {}}]',1,3),(21,'2022-10-11 12:49:55.775029','1','Volume-1',1,'[{\"added\": {}}]',6,3),(22,'2022-10-11 12:50:11.015887','2','Volume-2',1,'[{\"added\": {}}]',6,3),(23,'2022-10-11 12:50:29.473033','3','Volume-3',1,'[{\"added\": {}}]',6,3),(24,'2022-10-11 12:56:16.123432','4','Basics of Accounts',1,'[{\"added\": {}}]',6,3),(25,'2022-10-11 12:58:07.799038','1','Basics of Accounts Part 11',1,'[{\"added\": {}}]',2,3),(26,'2022-10-11 12:59:17.339336','2','Basics of Accounts Part 22',1,'[{\"added\": {}}]',2,3),(27,'2022-10-11 13:00:22.679256','3','Basics of Accounts Part 33',1,'[{\"added\": {}}]',2,3),(28,'2022-10-11 13:01:28.063734','4','Basics of Accounts Part 44',1,'[{\"added\": {}}]',2,3),(29,'2022-10-11 13:02:22.903831','5','Basics of Accounts Part 55',1,'[{\"added\": {}}]',2,3),(30,'2022-10-11 13:03:16.856474','6','Basics of Accounts Part 66',1,'[{\"added\": {}}]',2,3),(31,'2022-10-11 13:04:11.597276','7','Basics of Accounts Part 77',1,'[{\"added\": {}}]',2,3),(32,'2022-10-11 13:04:58.316083','8','Basics of Accounts Part 88',1,'[{\"added\": {}}]',2,3),(33,'2022-10-11 13:05:52.032525','9','Introduction to TallyPrime9',1,'[{\"added\": {}}]',2,3),(34,'2022-10-11 13:06:40.920033','10','Basic Data Entry in Tally Prime10',1,'[{\"added\": {}}]',2,3),(35,'2022-10-11 13:07:04.544579','1','darshika(Smart Tally Specialist)',1,'[{\"added\": {}}]',5,3),(36,'2022-10-11 13:09:28.669695','6','darshika',2,'[]',11,3),(37,'2022-10-14 11:10:30.075555','7','shubhangi',1,'[{\"added\": {}}]',11,3),(38,'2022-10-14 11:10:40.998047','7','shubhangi',2,'[{\"changed\": {\"fields\": [\"Staff status\"]}}]',11,3),(39,'2022-10-14 11:13:49.761071','7','shubhangi',2,'[{\"changed\": {\"fields\": [\"Superuser status\", \"User permissions\"]}}]',11,3),(40,'2022-10-14 11:15:47.077116','10','Basic Data Entry in Tally Prime10',3,'',2,7),(41,'2022-10-14 11:15:47.084070','9','Introduction to TallyPrime9',3,'',2,7),(42,'2022-10-14 11:15:47.090788','8','Basics of Accounts Part 88',3,'',2,7),(43,'2022-10-14 11:15:47.096886','7','Basics of Accounts Part 77',3,'',2,7),(44,'2022-10-14 11:15:47.102420','6','Basics of Accounts Part 66',3,'',2,7),(45,'2022-10-14 11:15:47.107933','5','Basics of Accounts Part 55',3,'',2,7),(46,'2022-10-14 11:15:47.114497','4','Basics of Accounts Part 44',3,'',2,7),(47,'2022-10-14 11:15:47.119148','3','Basics of Accounts Part 33',3,'',2,7),(48,'2022-10-14 11:15:47.125214','2','Basics of Accounts Part 22',3,'',2,7),(49,'2022-10-14 11:15:47.130885','1','Basics of Accounts Part 11',3,'',2,7),(50,'2022-10-14 11:24:29.778024','11','Basics of Accounts Part 111',1,'[{\"added\": {}}]',2,7),(51,'2022-10-14 11:25:53.610016','12','Basics of Accounts Part 212',1,'[{\"added\": {}}]',2,7),(52,'2022-10-14 11:26:48.278826','13','Basics of Accounts Part 313',1,'[{\"added\": {}}]',2,7),(53,'2022-10-14 11:28:00.871184','14','Basics of Accounts Part 414',1,'[{\"added\": {}}]',2,7),(54,'2022-10-14 11:29:04.458055','15','Basics of Accounts Part 515',1,'[{\"added\": {}}]',2,7),(55,'2022-10-14 11:31:07.446010','2','savita(Smart Tally Specialist)',1,'[{\"added\": {}}]',5,7),(56,'2022-10-14 11:34:08.535876','16','Basics of Accounts Part 616',1,'[{\"added\": {}}]',2,7),(57,'2022-10-14 11:34:42.187595','16','Basics of Accounts Part 616',2,'[]',2,7),(58,'2022-10-14 11:36:18.152866','17','Basics of Accounts Part 717',1,'[{\"added\": {}}]',2,7),(59,'2022-10-14 11:37:23.466480','18','Basics of Accounts Part 818',1,'[{\"added\": {}}]',2,7),(60,'2022-10-14 11:38:37.400384','19','Introduction to TallyPrime19',1,'[{\"added\": {}}]',2,7),(61,'2022-10-14 11:39:27.153402','20','Basic Data Entry in Tally Prime20',1,'[{\"added\": {}}]',2,7),(62,'2022-10-14 11:42:58.250619','21','Joshi Cold Drinks (Practice 1)21',1,'[{\"added\": {}}]',2,7),(63,'2022-10-14 11:45:50.976992','22','Joshi Cold Drinks (Practice 2)22',1,'[{\"added\": {}}]',2,7),(64,'2022-10-14 11:50:28.638734','23','Joshi Hardware23',1,'[{\"added\": {}}]',2,7),(65,'2022-10-14 11:54:19.403706','24','Champs Soft Drinks Part 0124',1,'[{\"added\": {}}]',2,7),(66,'2022-10-14 11:56:31.801285','25','Champs Soft Drinks Part 0225',1,'[{\"added\": {}}]',2,7),(67,'2022-10-14 11:57:02.306606','25','Champs Soft Drinks Part 0225',2,'[{\"changed\": {\"fields\": [\"LessonNo\"]}}]',2,7),(68,'2022-10-14 11:59:46.026015','26','Champs Soft Drinks Part 0326',1,'[{\"added\": {}}]',2,7),(69,'2022-10-14 12:02:01.686214','27','Champs Soft Drinks Part 0427',1,'[{\"added\": {}}]',2,7),(70,'2022-10-14 12:03:20.982880','28','Champs Soft Drinks Part 0528',1,'[{\"added\": {}}]',2,7),(71,'2022-10-14 12:04:48.880009','29','Champs Soft Drinks Part 0629',1,'[{\"added\": {}}]',2,7),(72,'2022-10-14 12:07:37.075202','30','Champs Soft Drinks Part 0730',1,'[{\"added\": {}}]',2,7),(73,'2022-10-14 12:09:38.353632','31','Champs Soft Drinks Part 0831',1,'[{\"added\": {}}]',2,7),(74,'2022-10-14 12:10:50.972016','32','Trial Balance in TallyPrime (Page No.31 to top of Page No.32)32',1,'[{\"added\": {}}]',2,7),(75,'2022-10-14 12:11:30.545249','32','Trial Balance in TallyPrime32',2,'[{\"changed\": {\"fields\": [\"Title\", \"Description\"]}}]',2,7),(76,'2022-10-14 12:13:35.960325','33','Champs Soft Drinks Part 0933',1,'[{\"added\": {}}]',2,7),(77,'2022-10-14 12:15:58.339010','34','Profit & Loss Account in TallyPrime34',1,'[{\"added\": {}}]',2,7),(78,'2022-10-14 12:17:10.693635','35','Champs Soft Drinks Part 1035',1,'[{\"added\": {}}]',2,7),(79,'2022-10-14 12:18:27.457594','36','Balance Sheet in TallyPrime36',1,'[{\"added\": {}}]',2,7),(80,'2022-10-14 12:20:11.507504','37','Champs Soft Drinks Part 1137',1,'[{\"added\": {}}]',2,7),(81,'2022-10-14 12:21:11.056356','38','Gross Loss38',1,'[{\"added\": {}}]',2,7),(82,'2022-10-14 12:22:30.712278','39','Champs Soft Drinks Part 1239',1,'[{\"added\": {}}]',2,7),(83,'2022-10-14 12:23:10.435535','40','Net Loss40',1,'[{\"added\": {}}]',2,7),(84,'2022-10-14 12:24:23.684575','41','Deleting Vouchers41',1,'[{\"added\": {}}]',2,7),(85,'2022-10-14 12:25:53.834826','42','Rajan Traders42',1,'[{\"added\": {}}]',2,7),(86,'2022-10-14 12:26:34.992360','43','Progressive Computer Systems43',1,'[{\"added\": {}}]',2,7),(87,'2022-10-14 12:29:47.552839','42','Rajan Traders42',2,'[{\"changed\": {\"fields\": [\"VideoLink\", \"HideVideo\"]}}]',2,7),(88,'2022-10-14 12:34:25.315945','1','shubhangi',1,'[{\"added\": {}}]',7,7),(89,'2022-10-14 12:36:32.643956','43','Progressive Computer Systems43',2,'[{\"changed\": {\"fields\": [\"VideoLink\"]}}]',2,7),(90,'2022-10-14 12:43:44.798584','44','Progressive Computer Systems (Not for Students)44',1,'[{\"added\": {}}]',2,7),(91,'2022-10-14 12:51:16.346990','45','Year End Routine in TallyPrime45',1,'[{\"added\": {}}]',2,7),(92,'2022-10-14 12:52:40.503770','46','Team Work Sales & Services (Accounts Only) Part 146',1,'[{\"added\": {}}]',2,7),(93,'2022-10-14 12:55:29.675813','47','Team Work Sales & Services (Accounts Only) Part 247',1,'[{\"added\": {}}]',2,7),(94,'2022-10-14 12:56:43.964065','48','Team Work Sales & Services (Accounts Only) Part 348',1,'[{\"added\": {}}]',2,7),(95,'2022-10-14 12:57:49.173912','49','Team Work Sales & Services (Accounts Only) Part 449',1,'[{\"added\": {}}]',2,7),(96,'2022-10-14 12:58:53.619658','50','Team Work Sales & Services (Accounts Only) Part 550',1,'[{\"added\": {}}]',2,7),(97,'2022-10-14 12:59:59.739844','51','Team Work Sales & Services (Accounts Only) Part 651',1,'[{\"added\": {}}]',2,7),(98,'2022-10-14 13:01:32.520060','52','Team Work Sales & Services (Accounts Only) Part 752',1,'[{\"added\": {}}]',2,7),(99,'2022-10-14 13:03:08.476525','53','Team Work Sales & Services (Accounts Only) Part 853',1,'[{\"added\": {}}]',2,7),(100,'2022-10-14 13:04:31.291164','54','Team Work Sales & Services (Accounts Only) Part 954',1,'[{\"added\": {}}]',2,7),(101,'2022-10-14 13:06:05.247862','55','Team Work Sales & Services (Accounts Only) Part 1055',1,'[{\"added\": {}}]',2,7),(102,'2022-10-14 13:07:02.464296','56','Team Work Sales & Services (Accounts Only) Part 1156',1,'[{\"added\": {}}]',2,7),(103,'2022-10-14 13:08:11.748430','57','Team Work Sales & Services (Accounts Only) Part 1257',1,'[{\"added\": {}}]',2,7),(104,'2022-10-14 13:09:20.058658','58','Team Work Sales & Services (Accounts Only) Part 1358',1,'[{\"added\": {}}]',2,7),(105,'2022-10-14 13:10:18.827105','59','Team Work Sales & Services (Accounts Only) Part 1459',1,'[{\"added\": {}}]',2,7),(106,'2022-10-14 13:11:07.190265','60','Team Work Sales & Services (Accounts Only) Part 1560',1,'[{\"added\": {}}]',2,7),(107,'2022-10-15 06:40:03.888895','61','Team Work Sales & Services (Accounts Only) Part 1661',1,'[{\"added\": {}}]',2,7),(108,'2022-10-15 06:42:27.008108','62','Abhijit Enterprises Part 162',1,'[{\"added\": {}}]',2,7),(109,'2022-10-15 06:44:07.109478','63','Abhijit Enterprises Part 263',1,'[{\"added\": {}}]',2,7),(110,'2022-10-15 06:45:53.522856','64','Abhijit Enterprises Part 364',1,'[{\"added\": {}}]',2,7),(111,'2022-10-15 06:47:30.845870','65','Abhijit Enterprises Part 465',1,'[{\"added\": {}}]',2,7),(112,'2022-10-15 06:49:06.695160','66','Abhijit Enterprises Part 566',1,'[{\"added\": {}}]',2,7),(113,'2022-10-15 06:51:06.146532','67','Abhijit Enterprises Part 667',1,'[{\"added\": {}}]',2,7),(114,'2022-10-15 06:53:16.972337','68','Inventory Masters (Units & Stock Items)68',1,'[{\"added\": {}}]',2,7),(115,'2022-10-15 06:55:19.432127','69','Invoicing and Sales, Purchase Entry with Inventory details69',1,'[{\"added\": {}}]',2,7),(116,'2022-10-15 06:57:05.900363','70','Modes of Entering Sales and Purchase Vouchers in Tally Prime70',1,'[{\"added\": {}}]',2,7),(117,'2022-10-15 07:00:38.727643','71','Use of predefined group71',1,'[{\"added\": {}}]',2,7),(118,'2022-10-15 07:06:02.148210','72','Hunger Remedies72',1,'[{\"added\": {}}]',2,7),(119,'2022-10-15 07:07:21.307338','73','Customizing Voucher Numbers73',1,'[{\"added\": {}}]',2,7),(120,'2022-10-15 07:09:16.265054','74','Maintaining Bill Wise Outstanding Receivable74',1,'[{\"added\": {}}]',2,7),(121,'2022-10-15 07:10:52.019434','75','Ageing Analysis of Outstanding Payables75',1,'[{\"added\": {}}]',2,7),(122,'2022-10-15 07:11:45.748725','76','Joshi Kirana Store76',1,'[{\"added\": {}}]',2,7),(123,'2022-10-15 07:12:25.827829','77','Sweetheart Sweet Shop77',1,'[{\"added\": {}}]',2,7),(124,'2022-10-15 07:16:09.748439','78','Case Study Ashish Fuels78',1,'[{\"added\": {}}]',2,7),(125,'2022-10-15 07:16:44.110416','77','Case Study Sweetheart Sweet Shop77',2,'[{\"changed\": {\"fields\": [\"Title\"]}}]',2,7),(126,'2022-10-15 07:17:02.745304','76','Case Study Joshi Kirana Store76',2,'[{\"changed\": {\"fields\": [\"Title\"]}}]',2,7),(127,'2022-10-15 07:18:49.192204','79','Bank Reconciliation79',1,'[{\"added\": {}}]',2,7),(128,'2022-10-15 07:20:24.463865','80','Cheque Printing in Tally Prime80',1,'[{\"added\": {}}]',2,7),(129,'2022-10-15 07:21:26.531021','81','Account Groups In Tally Part 181',1,'[{\"added\": {}}]',2,7),(130,'2022-10-15 07:23:41.174740','82','Account Groups In Tally Part 282',1,'[{\"added\": {}}]',2,7),(131,'2022-10-15 07:24:45.011300','83','Account Groups In Tally Part 383',1,'[{\"added\": {}}]',2,7),(132,'2022-10-15 07:25:36.811068','84','Account Groups In Tally Part 484',1,'[{\"added\": {}}]',2,7),(133,'2022-10-15 07:27:14.057123','85','User Defined Groups in Tally85',1,'[{\"added\": {}}]',2,7),(134,'2022-10-15 07:28:11.497665','86','Case Study Specialist Electricals86',1,'[{\"added\": {}}]',2,7),(135,'2022-10-15 07:30:14.985669','87','Using Debit Note for Purchase Return87',1,'[{\"added\": {}}]',2,7),(136,'2022-10-15 07:31:31.635462','88','Using Credit Note for Sales Return88',1,'[{\"added\": {}}]',2,7),(137,'2022-10-15 07:32:27.736919','89','Using Alternate and Compound Units89',1,'[{\"added\": {}}]',2,7),(138,'2022-10-15 07:34:18.061614','90','Classification of Stock Items into Groups & Categories90',1,'[{\"added\": {}}]',2,7),(139,'2022-10-15 07:36:00.167396','91','Discount, Actual & Billed Quantity and Free Samples in Invoicing91',1,'[{\"added\": {}}]',2,7),(140,'2022-10-15 07:37:30.410443','92','Introduction to GST Part 192',1,'[{\"added\": {}}]',2,7),(141,'2022-10-15 07:40:01.760865','93','Introduction to GST Part 293',1,'[{\"added\": {}}]',2,7),(142,'2022-10-15 07:41:13.775613','94','Defining Rates of GST in TallyPrime94',1,'[{\"added\": {}}]',2,7),(143,'2022-10-15 07:43:13.017140','95','Case Study Shyamlal Cold Drinks95',1,'[{\"added\": {}}]',2,7),(144,'2022-10-15 07:46:21.540017','96','Raja Pipes Case Study Part I96',1,'[{\"added\": {}}]',2,7),(145,'2022-10-15 07:47:52.764601','97','Raja Pipes ITC Adjustment97',1,'[{\"added\": {}}]',2,7),(146,'2022-10-15 07:49:47.017374','98','Adjustment of Credit98',1,'[{\"added\": {}}]',2,7),(147,'2022-10-15 07:51:16.911590','99','Defining GST at Company Level Part 199',1,'[{\"added\": {}}]',2,7),(148,'2022-10-15 07:52:37.980443','100','Defining GST at Company Level Part 2100',1,'[{\"added\": {}}]',2,7),(149,'2022-10-15 07:53:35.465412','101','Defining GST at Stock Group Level101',1,'[{\"added\": {}}]',2,7),(150,'2022-10-15 07:54:47.994526','102','Defining GST at Stock Item Level102',1,'[{\"added\": {}}]',2,7),(151,'2022-10-15 07:56:24.562332','103','Inter State B2B, B2C Large and Intra State B2C103',1,'[{\"added\": {}}]',2,7),(152,'2022-10-15 07:57:32.589366','104','GST (Ledger Level)104',1,'[{\"added\": {}}]',2,7),(153,'2022-10-15 07:58:58.347250','105','Sales Return (Credit Note) with GST Adjustment105',1,'[{\"added\": {}}]',2,7),(154,'2022-10-15 08:00:03.710172','106','Purchase Return (Debit Note) with GST Adjustment106',1,'[{\"added\": {}}]',2,7),(155,'2022-10-15 08:00:58.963903','107','Case Study Samarth Electricals107',1,'[{\"added\": {}}]',2,7),(156,'2022-10-15 08:02:30.696910','108','Nill Rated, Exempted and Non-GST Goods108',1,'[{\"added\": {}}]',2,7),(157,'2022-10-15 08:03:47.429844','109','Export Theory109',1,'[{\"added\": {}}]',2,7),(158,'2022-10-15 08:05:19.438919','110','Export with Payment of Tax110',1,'[{\"added\": {}}]',2,7),(159,'2022-10-15 08:07:00.289729','111','Case Study Export With Payment of Tax111',1,'[{\"added\": {}}]',2,7),(160,'2022-10-15 08:08:18.688003','112','Export of Exempted Goods and Export under LUT/ Bond112',1,'[{\"added\": {}}]',2,7),(161,'2022-10-15 08:09:40.375018','113','Case Study Export under LUT / Bond113',1,'[{\"added\": {}}]',2,7),(162,'2022-10-15 08:10:52.510930','114','Supply of Services114',1,'[{\"added\": {}}]',2,7),(163,'2022-10-15 08:12:12.443416','115','Advance Received towards Supply of Services115',1,'[{\"added\": {}}]',2,7),(164,'2022-10-15 08:14:16.167078','116','Availing of Input Credit - April 2020116',1,'[{\"added\": {}}]',2,7),(165,'2022-10-15 08:15:53.839228','117','Supply of Services against Advance Received117',1,'[{\"added\": {}}]',2,7),(166,'2022-10-15 08:17:21.049011','118','Case Study Adjustment of advance received from customer under GST118',1,'[{\"added\": {}}]',2,7),(167,'2022-10-15 08:18:30.142144','119','Import of Goods Under GST Part I119',1,'[{\"added\": {}}]',2,7),(168,'2022-10-15 08:19:51.788035','120','Import of Goods Under GST Part 2120',1,'[{\"added\": {}}]',2,7),(169,'2022-10-15 08:20:53.687064','121','Case Study Import of goods under GST121',1,'[{\"added\": {}}]',2,7),(170,'2022-10-15 08:21:48.284571','122','Case Study Import of services GST122',1,'[{\"added\": {}}]',2,7),(171,'2022-10-15 08:22:49.955808','123','Services received from Goods Transport Agency123',1,'[{\"added\": {}}]',2,7),(172,'2022-10-15 08:29:49.545982','124','Case Study Services from GTA124',1,'[{\"added\": {}}]',2,7),(173,'2022-10-15 08:31:22.116380','125','Availing of Input Credit - May 2020125',1,'[{\"added\": {}}]',2,7),(174,'2022-10-15 08:32:36.567987','126','GST Returns (GSTR-1 & GSTR-3B)126',1,'[{\"added\": {}}]',2,7),(175,'2022-10-15 08:34:06.577821','125','Availing of Input Credit - May 2020125',2,'[{\"changed\": {\"fields\": [\"LessonNo\"]}}]',2,7),(176,'2022-10-15 08:34:22.457287','126','GST Returns (GSTR-1 & GSTR-3B)126',2,'[{\"changed\": {\"fields\": [\"LessonNo\"]}}]',2,7),(177,'2022-10-15 08:35:41.289053','127','Change in GST Rate127',1,'[{\"added\": {}}]',2,7),(178,'2022-10-15 08:36:55.030529','128','Availing of Input Credit - June 2020128',1,'[{\"added\": {}}]',2,7),(179,'2022-10-15 08:37:51.948740','129','GST Based of Item Rate129',1,'[{\"added\": {}}]',2,7),(180,'2022-10-15 08:38:55.403992','130','Effect of Additional Charges and Discount on Assessable Value130',1,'[{\"added\": {}}]',2,7),(181,'2022-10-15 08:40:15.422379','131','E-Way Bill and E-Invoice in TallyPrime131',1,'[{\"added\": {}}]',2,7),(182,'2022-10-15 08:41:24.142584','132','TCS on Sale of Goods in Tally Prime132',1,'[{\"added\": {}}]',2,7),(183,'2022-10-15 08:42:19.623913','133','Case Study TCS on Sale of Goods133',1,'[{\"added\": {}}]',2,7),(184,'2022-10-15 08:43:37.191436','134','Automating Sales Voucher Type using Voucher Class to Automate GST Calculations134',1,'[{\"added\": {}}]',2,7),(185,'2022-10-15 08:44:51.824392','135','https://www.youtube.com/embed/8CWz0H_GzjQ135',1,'[{\"added\": {}}]',2,7),(186,'2022-10-15 08:48:25.104008','136','TDS - Tax Deducted at Source in Tally Prime Part I136',1,'[{\"added\": {}}]',2,7),(187,'2022-10-15 08:49:22.039778','137','TDS - Tax Deducted at Source in Tally Prime Part 2137',1,'[{\"added\": {}}]',2,7),(188,'2022-10-15 08:50:20.405253','138','Printing Reports and Documents from TallyPrime138',1,'[{\"added\": {}}]',2,7),(189,'2022-10-15 08:51:10.470305','139','E-Mailing Reports & Documents from TallyPrime139',1,'[{\"added\": {}}]',2,7),(190,'2022-10-15 08:52:06.671246','140','Exporting Data and Reports to be View or Edited140',1,'[{\"added\": {}}]',2,7),(191,'2022-10-15 08:55:24.696312','135','Tax Collected at Source in TallyPrime135',2,'[{\"changed\": {\"fields\": [\"Title\"]}}]',2,7),(192,'2022-10-15 09:00:56.564251','1','Mcq object (1)',1,'[{\"added\": {}}]',4,7),(193,'2022-10-17 12:50:05.551050','3','abhijit(Smart Tally Specialist)',1,'[{\"added\": {}}]',5,2),(194,'2022-10-17 13:00:02.426409','2','Mcq object (2)',1,'[{\"added\": {}}]',4,3),(195,'2022-10-17 13:01:06.188216','3','Mcq object (3)',1,'[{\"added\": {}}]',4,3),(196,'2022-10-17 13:01:44.198253','4','Mcq object (4)',1,'[{\"added\": {}}]',4,3),(197,'2022-10-17 13:02:04.152767','5','Mcq object (5)',1,'[{\"added\": {}}]',4,3),(198,'2022-10-17 13:02:31.123138','6','Mcq object (6)',1,'[{\"added\": {}}]',4,3),(199,'2022-10-17 13:03:21.220390','7','Mcq object (7)',1,'[{\"added\": {}}]',4,3),(200,'2022-10-17 13:07:28.921966','8','Mcq object (8)',1,'[{\"added\": {}}]',4,3),(201,'2022-10-17 13:08:32.868647','9','Mcq object (9)',1,'[{\"added\": {}}]',4,3),(202,'2022-10-17 13:14:09.507940','10','Mcq object (10)',1,'[{\"added\": {}}]',4,3),(203,'2022-10-17 13:14:54.375142','4','shailesh(Smart Tally Specialist)',1,'[{\"added\": {}}]',5,3),(204,'2022-10-17 14:00:51.708772','11','Mcq object (11)',1,'[{\"added\": {}}]',4,3),(205,'2022-10-17 14:13:47.010281','2','abhijit',2,'[{\"changed\": {\"fields\": [\"Superuser status\", \"User permissions\"]}}]',11,3),(206,'2022-10-18 09:06:27.050177','12','Mcq object (12)',1,'[{\"added\": {}}]',4,7),(207,'2022-10-18 09:07:14.855535','13','Mcq object (13)',1,'[{\"added\": {}}]',4,7),(208,'2022-10-18 09:08:02.864745','14','Mcq object (14)',1,'[{\"added\": {}}]',4,7),(209,'2022-10-18 09:08:42.751197','15','Mcq object (15)',1,'[{\"added\": {}}]',4,7),(210,'2022-10-18 09:13:06.179384','16','Mcq object (16)',1,'[{\"added\": {}}]',4,7),(211,'2022-10-18 09:15:42.986982','17','Mcq object (17)',1,'[{\"added\": {}}]',4,7),(212,'2022-10-18 09:17:04.639025','18','Mcq object (18)',1,'[{\"added\": {}}]',4,7),(213,'2022-10-20 06:47:41.036063','2','Mcq object (2)',2,'[{\"changed\": {\"fields\": [\"Question\"]}}]',4,7),(214,'2022-10-20 06:55:28.738948','19','Mcq object (19)',1,'[{\"added\": {}}]',4,7),(215,'2022-10-20 06:57:47.689429','20','Mcq object (20)',1,'[{\"added\": {}}]',4,7),(216,'2022-10-20 07:01:49.150560','16','Mcq object (16)',2,'[{\"changed\": {\"fields\": [\"Option1\", \"Answer\"]}}]',4,7),(217,'2022-10-20 07:02:37.526663','17','Mcq object (17)',2,'[{\"changed\": {\"fields\": [\"Answer\"]}}]',4,7),(218,'2022-10-20 07:05:17.334204','21','Mcq object (21)',1,'[{\"added\": {}}]',4,7),(219,'2022-10-20 07:05:58.850268','22','Mcq object (22)',1,'[{\"added\": {}}]',4,7),(220,'2022-10-20 07:07:19.593118','23','Mcq object (23)',1,'[{\"added\": {}}]',4,7),(221,'2022-10-20 07:09:00.352286','24','Mcq object (24)',1,'[{\"added\": {}}]',4,7),(222,'2022-10-20 07:10:09.388484','25','Mcq object (25)',1,'[{\"added\": {}}]',4,7),(223,'2022-10-20 07:11:23.320993','26','Mcq object (26)',1,'[{\"added\": {}}]',4,7),(224,'2022-10-20 07:13:16.488179','27','Mcq object (27)',1,'[{\"added\": {}}]',4,7),(225,'2022-10-20 07:15:03.205376','28','Mcq object (28)',1,'[{\"added\": {}}]',4,7),(226,'2022-10-20 07:16:06.152016','29','Mcq object (29)',1,'[{\"added\": {}}]',4,7),(227,'2022-10-20 07:17:12.052459','30','Mcq object (30)',1,'[{\"added\": {}}]',4,7),(228,'2022-10-20 07:27:17.003630','19','Introduction to TallyPrime',2,'[{\"changed\": {\"fields\": [\"Description\", \"FacultyCheck\"]}}]',2,7),(229,'2022-10-20 07:28:56.889178','31','Mcq object (31)',1,'[{\"added\": {}}]',4,7),(230,'2022-10-20 07:29:58.723086','32','Mcq object (32)',1,'[{\"added\": {}}]',4,7),(231,'2022-10-20 07:30:41.060926','33','Mcq object (33)',1,'[{\"added\": {}}]',4,7),(232,'2022-10-20 07:39:14.949548','20','Basic Data Entry in Tally Prime',2,'[{\"changed\": {\"fields\": [\"Description\", \"FacultyCheck\"]}}]',2,7),(233,'2022-10-20 07:44:18.654234','21','Joshi Cold Drinks (Practice 1)',2,'[{\"changed\": {\"fields\": [\"Description2\", \"FacultyCheck\"]}}]',2,7),(234,'2022-10-20 07:46:29.060760','22','Joshi Cold Drinks (Practice 2)',2,'[{\"changed\": {\"fields\": [\"Description\", \"Description2\", \"FacultyCheck\"]}}]',2,7),(235,'2022-10-20 07:47:29.007990','23','Joshi Hardware',2,'[{\"changed\": {\"fields\": [\"Description2\", \"FacultyCheck\"]}}]',2,7),(236,'2022-10-20 07:48:35.680414','29','Champs Soft Drinks Part 06',2,'[{\"changed\": {\"fields\": [\"Description2\", \"FacultyCheck\"]}}]',2,7),(237,'2022-10-20 07:50:51.931571','29','Champs Soft Drinks Part 06',2,'[{\"changed\": {\"fields\": [\"Description2\"]}}]',2,7),(238,'2022-10-20 07:51:56.080318','31','Champs Soft Drinks Part 08',2,'[{\"changed\": {\"fields\": [\"Description2\", \"FacultyCheck\"]}}]',2,7),(239,'2022-10-20 07:52:30.444592','33','Champs Soft Drinks Part 09',2,'[{\"changed\": {\"fields\": [\"Description2\", \"FacultyCheck\"]}}]',2,7),(240,'2022-10-20 07:53:33.878022','35','Champs Soft Drinks Part 10',2,'[{\"changed\": {\"fields\": [\"Description2\", \"FacultyCheck\"]}}]',2,7),(241,'2022-10-20 07:54:18.748326','37','Champs Soft Drinks Part 11',2,'[{\"changed\": {\"fields\": [\"Description2\", \"FacultyCheck\"]}}]',2,7),(242,'2022-10-20 07:55:05.459209','39','Champs Soft Drinks Part 12',2,'[{\"changed\": {\"fields\": [\"Description2\", \"FacultyCheck\"]}}]',2,7),(243,'2022-10-20 07:56:41.381630','42','Rajan Traders',2,'[{\"changed\": {\"fields\": [\"Description2\", \"FacultyCheck\"]}}]',2,7),(244,'2022-10-20 07:57:48.842594','43','Progressive Computer Systems',2,'[{\"changed\": {\"fields\": [\"Description2\", \"FacultyCheck\"]}}]',2,7),(245,'2022-10-20 08:03:30.922839','47','Team Work Sales & Services (Accounts Only) Part 2',2,'[{\"changed\": {\"fields\": [\"Description2\", \"FacultyCheck\"]}}]',2,7),(246,'2022-10-20 09:02:32.873857','47','Team Work Sales & Services (Accounts Only) Part 2',2,'[]',2,7),(247,'2022-10-20 09:03:36.067809','48','Team Work Sales & Services (Accounts Only) Part 3',2,'[{\"changed\": {\"fields\": [\"Description2\", \"FacultyCheck\"]}}]',2,7),(248,'2022-10-20 09:05:38.273276','49','Team Work Sales & Services (Accounts Only) Part 4',2,'[{\"changed\": {\"fields\": [\"Description2\"]}}]',2,7),(249,'2022-10-20 09:07:11.576958','50','Team Work Sales & Services (Accounts Only) Part 5',2,'[{\"changed\": {\"fields\": [\"Description2\"]}}]',2,7),(250,'2022-10-20 09:08:11.463440','51','Team Work Sales & Services (Accounts Only) Part 6',2,'[{\"changed\": {\"fields\": [\"Description2\", \"FacultyCheck\"]}}]',2,7),(251,'2022-10-20 09:08:42.148859','50','Team Work Sales & Services (Accounts Only) Part 5',2,'[{\"changed\": {\"fields\": [\"FacultyCheck\"]}}]',2,7),(252,'2022-10-20 09:10:20.286113','52','Team Work Sales & Services (Accounts Only) Part 7',2,'[{\"changed\": {\"fields\": [\"Description2\", \"FacultyCheck\"]}}]',2,7),(253,'2022-10-20 09:11:11.644451','53','Team Work Sales & Services (Accounts Only) Part 8',2,'[{\"changed\": {\"fields\": [\"Description2\", \"FacultyCheck\"]}}]',2,7),(254,'2022-10-20 09:12:16.142096','54','Team Work Sales & Services (Accounts Only) Part 9',2,'[{\"changed\": {\"fields\": [\"Description2\", \"FacultyCheck\"]}}]',2,7),(255,'2022-10-20 09:13:06.929299','55','Team Work Sales & Services (Accounts Only) Part 10',2,'[{\"changed\": {\"fields\": [\"Description2\", \"FacultyCheck\"]}}]',2,7),(256,'2022-10-20 09:14:38.501912','56','Team Work Sales & Services (Accounts Only) Part 11',2,'[{\"changed\": {\"fields\": [\"Description2\", \"FacultyCheck\"]}}]',2,7),(257,'2022-10-20 09:15:58.307748','57','Team Work Sales & Services (Accounts Only) Part 12',2,'[{\"changed\": {\"fields\": [\"Description2\", \"FacultyCheck\"]}}]',2,7),(258,'2022-10-20 09:17:19.041234','59','Team Work Sales & Services (Accounts Only) Part 14',2,'[{\"changed\": {\"fields\": [\"Description2\", \"FacultyCheck\"]}}]',2,7),(259,'2022-10-20 09:19:30.178213','61','Team Work Sales & Services (Accounts Only) Part 16',2,'[{\"changed\": {\"fields\": [\"Description2\", \"FacultyCheck\"]}}]',2,7),(260,'2022-10-20 11:12:02.893777','42','Rajan Traders',2,'[{\"changed\": {\"fields\": [\"HideVideo\"]}}]',2,3),(261,'2022-10-20 11:17:15.392278','62','Abhijit Enterprises Part 1',2,'[{\"changed\": {\"fields\": [\"Description2\", \"FacultyCheck\"]}}]',2,7),(262,'2022-10-20 11:18:06.893704','63','Abhijit Enterprises Part 2',2,'[{\"changed\": {\"fields\": [\"Description2\", \"FacultyCheck\"]}}]',2,7),(263,'2022-10-20 11:19:37.876750','64','Abhijit Enterprises Part 3',2,'[{\"changed\": {\"fields\": [\"Description2\", \"FacultyCheck\"]}}]',2,7),(264,'2022-10-20 11:19:38.416229','64','Abhijit Enterprises Part 3',2,'[]',2,7),(265,'2022-10-20 11:20:11.688473','65','Abhijit Enterprises Part 4',2,'[{\"changed\": {\"fields\": [\"Description2\", \"FacultyCheck\"]}}]',2,7),(266,'2022-10-20 11:21:51.284070','66','Abhijit Enterprises Part 5',2,'[{\"changed\": {\"fields\": [\"Description2\", \"FacultyCheck\"]}}]',2,7),(267,'2022-10-20 11:22:23.813990','67','Abhijit Enterprises Part 6',2,'[{\"changed\": {\"fields\": [\"Description2\", \"FacultyCheck\"]}}]',2,7),(268,'2022-10-20 11:23:22.278039','69','Invoicing and Sales, Purchase Entry with Inventory details',2,'[{\"changed\": {\"fields\": [\"Description2\", \"FacultyCheck\"]}}]',2,7),(269,'2022-10-20 11:24:06.864729','70','Modes of Entering Sales and Purchase Vouchers in Tally Prime',2,'[{\"changed\": {\"fields\": [\"Description2\", \"FacultyCheck\"]}}]',2,7),(270,'2022-10-20 11:24:40.400834','71','Use of predefined group',2,'[{\"changed\": {\"fields\": [\"Description2\", \"FacultyCheck\"]}}]',2,7),(271,'2022-10-20 11:25:15.258424','72','Hunger Remedies',2,'[{\"changed\": {\"fields\": [\"Description2\", \"FacultyCheck\"]}}]',2,7),(272,'2022-10-20 11:25:51.640838','76','Case Study Joshi Kirana Store',2,'[{\"changed\": {\"fields\": [\"Description2\", \"FacultyCheck\"]}}]',2,7),(273,'2022-10-20 11:27:01.514642','77','Case Study Sweetheart Sweet Shop',2,'[{\"changed\": {\"fields\": [\"Description2\", \"FacultyCheck\"]}}]',2,7),(274,'2022-10-20 11:28:05.810817','78','Case Study Ashish Fuels',2,'[{\"changed\": {\"fields\": [\"Description2\", \"FacultyCheck\"]}}]',2,7),(275,'2022-10-20 11:28:54.635817','86','Case Study Specialist Electricals',2,'[{\"changed\": {\"fields\": [\"Description2\", \"FacultyCheck\"]}}]',2,7),(276,'2022-10-20 11:30:31.346606','95','Case Study Shyamlal Cold Drinks',2,'[{\"changed\": {\"fields\": [\"Description2\", \"FacultyCheck\"]}}]',2,7),(277,'2022-10-20 11:31:51.375532','96','Raja Pipes Case Study Part I',2,'[{\"changed\": {\"fields\": [\"Description2\", \"FacultyCheck\"]}}]',2,7),(278,'2022-10-20 11:32:39.271882','97','Raja Pipes ITC Adjustment',2,'[{\"changed\": {\"fields\": [\"Description2\"]}}]',2,7),(279,'2022-10-20 11:33:26.988043','98','Adjustment of Credit',2,'[{\"changed\": {\"fields\": [\"Description2\", \"FacultyCheck\"]}}]',2,7),(280,'2022-10-20 11:34:25.042005','107','Case Study Samarth Electricals',2,'[{\"changed\": {\"fields\": [\"Description2\", \"FacultyCheck\"]}}]',2,7),(281,'2022-10-20 11:35:41.534897','110','Export with Payment of Tax',2,'[{\"changed\": {\"fields\": [\"Description2\", \"FacultyCheck\"]}}]',2,7),(282,'2022-10-20 11:36:49.627915','110','Export with Payment of Tax',2,'[{\"changed\": {\"fields\": [\"Description2\", \"FacultyCheck\"]}}]',2,7),(283,'2022-10-20 11:37:35.318621','111','Case Study Export With Payment of Tax',2,'[{\"changed\": {\"fields\": [\"Description2\", \"FacultyCheck\"]}}]',2,7),(284,'2022-10-20 11:38:10.920877','113','Case Study Export under LUT / Bond',2,'[{\"changed\": {\"fields\": [\"Description2\", \"FacultyCheck\"]}}]',2,7),(285,'2022-10-20 11:39:38.113568','118','Case Study Adjustment of advance received from customer under GST',2,'[{\"changed\": {\"fields\": [\"Description2\", \"FacultyCheck\"]}}]',2,7),(286,'2022-10-20 11:40:58.907248','121','Case Study Import of goods under GST',2,'[{\"changed\": {\"fields\": [\"Description2\"]}}]',2,7),(287,'2022-10-20 11:41:55.191017','122','Case Study Import of services GST',2,'[{\"changed\": {\"fields\": [\"Description2\", \"FacultyCheck\"]}}]',2,7),(288,'2022-10-20 11:42:47.762863','124','Case Study Services from GTA',2,'[{\"changed\": {\"fields\": [\"Description2\", \"FacultyCheck\"]}}]',2,7),(289,'2022-10-20 11:44:55.490901','133','Case Study TCS on Sale of Goods',2,'[{\"changed\": {\"fields\": [\"Description2\", \"FacultyCheck\"]}}]',2,7),(290,'2022-10-20 11:45:52.838052','134','Automating Sales Voucher Type using Voucher Class to Automate GST Calculations',2,'[{\"changed\": {\"fields\": [\"Description2\", \"FacultyCheck\"]}}]',2,7),(291,'2022-10-20 11:47:31.753187','137','TDS - Tax Deducted at Source in Tally Prime Part 2',2,'[{\"changed\": {\"fields\": [\"Description2\", \"FacultyCheck\"]}}]',2,7),(292,'2022-10-20 13:05:12.937969','17','Mcq object (17)',2,'[{\"changed\": {\"fields\": [\"Answer\"]}}]',4,2);
/*!40000 ALTER TABLE `django_admin_log` ENABLE KEYS */;
UNLOCK TABLES;

--
-- Table structure for table `django_content_type`
--

DROP TABLE IF EXISTS `django_content_type`;
/*!40101 SET @saved_cs_client     = @@character_set_client */;
/*!50503 SET character_set_client = utf8mb4 */;
CREATE TABLE `django_content_type` (
  `id` int(11) NOT NULL AUTO_INCREMENT,
  `app_label` varchar(100) NOT NULL,
  `model` varchar(100) NOT NULL,
  PRIMARY KEY (`id`),
  UNIQUE KEY `django_content_type_app_label_model_76bd3d3b_uniq` (`app_label`,`model`)
) ENGINE=InnoDB AUTO_INCREMENT=15 DEFAULT CHARSET=utf8;
/*!40101 SET character_set_client = @saved_cs_client */;

--
-- Dumping data for table `django_content_type`
--

LOCK TABLES `django_content_type` WRITE;
/*!40000 ALTER TABLE `django_content_type` DISABLE KEYS */;
INSERT INTO `django_content_type` VALUES (8,'admin','logentry'),(10,'auth','group'),(9,'auth','permission'),(11,'auth','user'),(12,'contenttypes','contenttype'),(13,'sessions','session'),(5,'videos','admission'),(14,'videos','attendence'),(1,'videos','course'),(7,'videos','facultycheck'),(4,'videos','mcq'),(6,'videos','section'),(2,'videos','video'),(3,'videos','videoviews');
/*!40000 ALTER TABLE `django_content_type` ENABLE KEYS */;
UNLOCK TABLES;

--
-- Table structure for table `django_migrations`
--

DROP TABLE IF EXISTS `django_migrations`;
/*!40101 SET @saved_cs_client     = @@character_set_client */;
/*!50503 SET character_set_client = utf8mb4 */;
CREATE TABLE `django_migrations` (
  `id` bigint(20) NOT NULL AUTO_INCREMENT,
  `app` varchar(255) NOT NULL,
  `name` varchar(255) NOT NULL,
  `applied` datetime(6) NOT NULL,
  PRIMARY KEY (`id`)
) ENGINE=InnoDB AUTO_INCREMENT=42 DEFAULT CHARSET=utf8;
/*!40101 SET character_set_client = @saved_cs_client */;

--
-- Dumping data for table `django_migrations`
--

LOCK TABLES `django_migrations` WRITE;
/*!40000 ALTER TABLE `django_migrations` DISABLE KEYS */;
INSERT INTO `django_migrations` VALUES (1,'contenttypes','0001_initial','2022-10-08 13:38:22.366312'),(2,'auth','0001_initial','2022-10-08 13:38:23.256661'),(3,'admin','0001_initial','2022-10-08 13:38:23.485168'),(4,'admin','0002_logentry_remove_auto_add','2022-10-08 13:38:23.538560'),(5,'admin','0003_logentry_add_action_flag_choices','2022-10-08 13:38:23.738595'),(6,'contenttypes','0002_remove_content_type_name','2022-10-08 13:38:24.077349'),(7,'auth','0002_alter_permission_name_max_length','2022-10-08 13:38:24.235238'),(8,'auth','0003_alter_user_email_max_length','2022-10-08 13:38:24.540758'),(9,'auth','0004_alter_user_username_opts','2022-10-08 13:38:24.734527'),(10,'auth','0005_alter_user_last_login_null','2022-10-08 13:38:24.935655'),(11,'auth','0006_require_contenttypes_0002','2022-10-08 13:38:24.944004'),(12,'auth','0007_alter_validators_add_error_messages','2022-10-08 13:38:25.036912'),(13,'auth','0008_alter_user_username_max_length','2022-10-08 13:38:25.334269'),(14,'auth','0009_alter_user_last_name_max_length','2022-10-08 13:38:25.488941'),(15,'auth','0010_alter_group_name_max_length','2022-10-08 13:38:25.638578'),(16,'auth','0011_update_proxy_permissions','2022-10-08 13:38:25.738546'),(17,'auth','0012_alter_user_first_name_max_length','2022-10-08 13:38:25.934373'),(18,'sessions','0001_initial','2022-10-08 13:38:25.992304'),(19,'videos','0001_initial','2022-10-08 13:38:26.063783'),(20,'videos','0002_course_video_delete_videomodel','2022-10-08 13:38:26.358637'),(21,'videos','0003_videoviews','2022-10-08 13:38:26.690631'),(22,'videos','0004_rename_topic_videoviews_video','2022-10-08 13:38:29.522627'),(23,'videos','0005_alter_videoviews_timeofview','2022-10-08 13:38:29.639854'),(24,'videos','0006_alter_videoviews_timeofview','2022-10-08 13:38:29.834410'),(25,'videos','0007_alter_video_description_mcq','2022-10-08 13:38:30.238206'),(26,'videos','0008_admission','2022-10-08 13:38:30.698798'),(27,'videos','0009_video_description2','2022-10-08 13:38:30.839765'),(28,'videos','0010_video_topicimage_alter_video_description2_and_more','2022-10-08 13:38:31.134375'),(29,'videos','0011_alter_video_description_alter_video_description2','2022-10-08 13:38:31.339173'),(30,'videos','0012_mcq_questionimage_alter_mcq_option3_and_more','2022-10-08 13:38:31.736806'),(31,'videos','0013_mcq_hint','2022-10-08 13:38:31.941489'),(32,'videos','0014_section','2022-10-08 13:38:32.247839'),(33,'videos','0015_video_sectionname','2022-10-08 13:38:32.534361'),(34,'videos','0016_section_inorder','2022-10-08 13:38:32.670656'),(35,'videos','0017_mcq_facultycheck','2022-10-08 13:38:32.802036'),(36,'videos','0018_facultycheck','2022-10-08 13:38:33.089596'),(37,'videos','0019_video_hidevideo','2022-10-08 13:38:33.157564'),(38,'videos','0020_alter_mcq_question_attendence','2022-10-11 12:24:08.877448'),(39,'videos','0021_alter_attendence_intime_alter_attendence_outtime','2022-10-11 12:24:08.907205'),(40,'videos','0022_videoviews_faculty','2022-10-12 09:57:18.964627'),(41,'videos','0023_video_facultycheck','2022-10-19 04:57:34.222121');
/*!40000 ALTER TABLE `django_migrations` ENABLE KEYS */;
UNLOCK TABLES;

--
-- Table structure for table `django_session`
--

DROP TABLE IF EXISTS `django_session`;
/*!40101 SET @saved_cs_client     = @@character_set_client */;
/*!50503 SET character_set_client = utf8mb4 */;
CREATE TABLE `django_session` (
  `session_key` varchar(40) NOT NULL,
  `session_data` longtext NOT NULL,
  `expire_date` datetime(6) NOT NULL,
  PRIMARY KEY (`session_key`),
  KEY `django_session_expire_date_a5c62663` (`expire_date`)
) ENGINE=InnoDB DEFAULT CHARSET=utf8;
/*!40101 SET character_set_client = @saved_cs_client */;

--
-- Dumping data for table `django_session`
--

LOCK TABLES `django_session` WRITE;
/*!40000 ALTER TABLE `django_session` DISABLE KEYS */;
INSERT INTO `django_session` VALUES ('73vwj82bf4g89b0wn1nzxk5l7u6w118s','.eJxVjDEPgjAQhf9LZ9NcD2qpm-6OzuTauwpKaEIhDsb_LiQMurzhvfd9b9XSMnftUmRqe1Yn5dThtwsUnzJuAz9ovGcd8zhPfdDbRe9r0edhyK81bitTrplluOzgn62j0q2qhBSCPzJFbhpAtA4CRsuSEkBl2ENtKkRgB164cQ5NLcaSseDBSlKfL17sPIg:1ojaih:NWbBRaNWg9GTrWgFgoOpUy1YMg38CljvMYpTn1aU2bU','2022-10-29 06:32:27.757135'),('7h9tabvry0ru8cppsu3cslwymh1u2kbs','.eJxVjbEOwjAQQ_8lM4qSay4NbLAzMkeXu4gWqkZqWjEg_p1W6gCLB9vPfqtIy9zFpeYp9qJOyqnDr5eIn3ncAnnQeC-ayzhPfdJbRe9p1edhKK9VbitTr0XycNnBv7WOard9tOAQRBqDNqF3kBs0SJwStKYBtMGQ55CO0FrrGdAbcJxInLAJHNTnCyAcO-g:1ojJpR:Na2i5hNcgAfeMQX5Pu8pd-htuxH6lhHT3alee9ZzRpY','2022-10-28 12:30:17.530696'),('98u710wdqhfj7bg39mtt6gi1e92pab15','.eJxVjL0OwjAQg98lM4qapsklbHRnZK4uP0cLVSI1rRgQ704qdYDFkv3ZfrMBt3UcthKXYQrszCQ7_WYO_TOmHYQHpnvmPqd1mRzfK_yghV_mOb-q3OqmXHOIc38M_95GLGO9EqBb9NKC1uCNbzvpBEAEUK4a2xgKyjdaCmuIBGntFADajsBSIJTs8wU0dDyY:1olXvB:lLY6KUUhk9fCXmQBkvrz0wA6_fUJYYOygxtp9ynDB4Q','2022-11-03 15:57:25.268530'),('bmuun8ihxqoqmw164jmjw3e38nvs1xo0','.eJxVjL0OwjAQg98lM4qapsklbHRnZK4uP0cLVSI1rRgQ704qdYDFkv3ZfrMBt3UcthKXYQrszCQ7_WYO_TOmHYQHpnvmPqd1mRzfK_yghV_mOb-q3OqmXHOIc38M_95GLGO9EqBb9NKC1uCNbzvpBEAEUK4a2xgKyjdaCmuIBGntFADajsBSIJTs8wU0dDyY:1oiYcq:uwnLP7tTMJC9xxU5ggCR-OBAz6RlwsNv9CWZC4BLIh8','2022-10-26 10:06:08.624188'),('bw1wvb5yptrzdrqx6w5b5wlyjqvpbu5c','.eJxVjbEOwjAQQ_8lM4qSay4NbLAzMkeXu4gWqkZqWjEg_p1W6gCLB9vPfqtIy9zFpeYp9qJOyqnDr5eIn3ncAnnQeC-ayzhPfdJbRe9p1edhKK9VbitTr0XycNnBv7WOard9tOAQRBqDNqF3kBs0SJwStKYBtMGQ55CO0FrrGdAbcJxInLAJHNTnCyAcO-g:1olCAK:wtuZhEKxJZYFZzram7GdCXkn-iN42wDUbdTi2NMjAYk','2022-11-02 16:43:36.949636'),('ch9b2lrn8qlmhw792hm4ktjt3oi6avz1','.eJxVjDEPgjAUhP9LZ9MUSl9f3WR3dCaP11ZQQhMKcTD-d0vCoMvlct_dvUVH2zp0Ww5LN3pxFiBOv1lP_AzzDvyD5nuSnOZ1GXu5V-RBs7xMU3oVuZVNviYfpvYY_r0NlIdyhaAaYyyyp8gKjQMOEGvtKwDNYHRTgeujZVbFYt0oTa4Gg0xoLWrx-QI4cDvI:1ojDaL:ZYMFASgd4AXtSnVD4frrquOLuIgIRcLJ6e5DHo85ClQ','2022-10-28 05:50:17.488544'),('dumqps52lnucns5whnjqltjb0w2p4j9h','.eJxVjbEOwjAQQ_8lM4qSay4NbLAzMkeXu4gWqkZqWjEg_p1W6gCLB9vPfqtIy9zFpeYp9qJOyqnDr5eIn3ncAnnQeC-ayzhPfdJbRe9p1edhKK9VbitTr0XycNnBv7WOard9tOAQRBqDNqF3kBs0SJwStKYBtMGQ55CO0FrrGdAbcJxInLAJHNTnCyAcO-g:1ojcv3:oGfzyIhxApjk_Y5IgTwIoXpeerlv4qwMqoWaaxblwls','2022-10-29 08:53:21.004541'),('ecxwaomc8ieay4bmoqh984offk50z7re','.eJxVjDEPgjAUhP9LZ9MUSl9f3WR3dCaP11ZQQhMKcTD-d0vCoMvlct_dvUVH2zp0Ww5LN3pxFiBOv1lP_AzzDvyD5nuSnOZ1GXu5V-RBs7xMU3oVuZVNviYfpvYY_r0NlIdyhaAaYyyyp8gKjQMOEGvtKwDNYHRTgeujZVbFYt0oTa4Gg0xoLWrx-QI4cDvI:1oiYVO:6AIpQ5D1XohyUgdlO0rU8BRcYbdIx2lp5-2GyOLdPJg','2022-10-26 09:58:26.966873'),('hp7drj0dphikumxkat5dvzs30nzyzsfy','.eJxVjL0OwjAQg98lM4qapsklbHRnZK4uP0cLVSI1rRgQ704qdYDFkv3ZfrMBt3UcthKXYQrszCQ7_WYO_TOmHYQHpnvmPqd1mRzfK_yghV_mOb-q3OqmXHOIc38M_95GLGO9EqBb9NKC1uCNbzvpBEAEUK4a2xgKyjdaCmuIBGntFADajsBSIJTs8wU0dDyY:1ojFyf:pbgv-WkiHL11YeNmcMZswzEmGWzwA49aMzz_vo_wlaA','2022-10-28 08:23:33.653741'),('nfq1x2qnh8lm65foami4jb54bw8p607h','.eJxVjL0OwjAQg98lM4qapsklbHRnZK4uP0cLVSI1rRgQ704qdYDFkv3ZfrMBt3UcthKXYQrszCQ7_WYO_TOmHYQHpnvmPqd1mRzfK_yghV_mOb-q3OqmXHOIc38M_95GLGO9EqBb9NKC1uCNbzvpBEAEUK4a2xgKyjdaCmuIBGntFADajsBSIJTs8wU0dDyY:1olUVp:UkH48ASQkKhDOqlMvhiyFqpIsJ3K8Ptwrpca05_XyJI','2022-11-03 12:19:01.987303'),('on1cnyj83nlk9an8gx7vzhp4eaokvrm9','.eJxVjDEPgjAQhf9LZ9NcD2qpm-6OzuTauwpKaEIhDsb_LiQMurzhvfd9b9XSMnftUmRqe1Yn5dThtwsUnzJuAz9ovGcd8zhPfdDbRe9r0edhyK81bitTrplluOzgn62j0q2qhBSCPzJFbhpAtA4CRsuSEkBl2ENtKkRgB164cQ5NLcaSseDBSlKfL17sPIg:1ojbDk:2JNdwUGC0c99VIXPH9D0KR5XvrLlB_c7dgU8Jv5kSno','2022-10-29 07:04:32.464425'),('p4ja3a39n99nasbxbrxlcg1i8dya0sm5','.eJxVjD0PgjAURf9LZ9O09IPWTXZHZ_LavicooQmFOBj_uyVh0OUO995z3qyHbR36reDSj4mdWcNOv12A-MR5H9ID5nvmMc_rMga-X_ixFn6ZpvyqcatMueaEU3eAf7YBylBVFIT0LoJvkwEi9M4pq4VtSDkjiaxGB1ZLj0lTK0goYagJUiaPPgbFPl9bdj0V:1olWI7:GVs6HNFQ99y2pDjGmDB32oze_sKzJG7alEtmDbwUQJ0','2022-11-03 14:12:59.005430'),('pmuy59h9jvuy42hk6eyj7j5rkwnln1ik','.eJxVjD0PgjAURf9LZ9O09IPWTXZHZ_LavicooQmFOBj_uyVh0OUO995z3qyHbR36reDSj4mdWcNOv12A-MR5H9ID5nvmMc_rMga-X_ixFn6ZpvyqcatMueaEU3eAf7YBylBVFIT0LoJvkwEi9M4pq4VtSDkjiaxGB1ZLj0lTK0goYagJUiaPPgbFPl9bdj0V:1okQZn:wnpIU_Cdb_iqCj6uvYtfWkjUlUkYsU23SMzosCb5qFY','2022-10-31 13:54:43.116388'),('ps5mp761vpxr4hq06nbovphsmp0tpqwr','.eJxVjL0OwjAQg98lM4qapsklbHRnZK4uP0cLVSI1rRgQ704qdYDFkv3ZfrMBt3UcthKXYQrszCQ7_WYO_TOmHYQHpnvmPqd1mRzfK_yghV_mOb-q3OqmXHOIc38M_95GLGO9EqBb9NKC1uCNbzvpBEAEUK4a2xgKyjdaCmuIBGntFADajsBSIJTs8wU0dDyY:1olTOU:2EzEkVDDbwSagqVLGpDrOST_Zmd0B9Q_vCfsq5UxrLI','2022-11-03 11:07:22.949570'),('qjfsnxz6xmmazxmng7hk67n3yhomkueq','.eJxVjDEPgjAUhP9LZ9MUSl9f3WR3dCaP11ZQQhMKcTD-d0vCoMvlct_dvUVH2zp0Ww5LN3pxFiBOv1lP_AzzDvyD5nuSnOZ1GXu5V-RBs7xMU3oVuZVNviYfpvYY_r0NlIdyhaAaYyyyp8gKjQMOEGvtKwDNYHRTgeujZVbFYt0oTa4Gg0xoLWrx-QI4cDvI:1ojbU9:AwOY0c94265Wny9cwXscA-LlqPyRcANQzDy6hH_XR3g','2022-10-29 07:21:29.907008'),('rftn0ysucr0nzs7n7xvj67b6yco6jl2t','.eJxVjD0PgjAURf9LZ9O09IPWTXZHZ_LavicooQmFOBj_uyVh0OUO995z3qyHbR36reDSj4mdWcNOv12A-MR5H9ID5nvmMc_rMga-X_ixFn6ZpvyqcatMueaEU3eAf7YBylBVFIT0LoJvkwEi9M4pq4VtSDkjiaxGB1ZLj0lTK0goYagJUiaPPgbFPl9bdj0V:1olW9W:8GL8ZGm6FDpwMd0vA84NsYcop0Toq48-PBL6CaC6Qk8','2022-11-03 14:04:06.350222'),('v8r77dj0bdfn0i9u7rqplrep1nkrhaxp','.eJxVjD0PgjAURf9LZ9O09IPWTXZHZ_LavicooQmFOBj_uyVh0OUO995z3qyHbR36reDSj4mdWcNOv12A-MR5H9ID5nvmMc_rMga-X_ixFn6ZpvyqcatMueaEU3eAf7YBylBVFIT0LoJvkwEi9M4pq4VtSDkjiaxGB1ZLj0lTK0goYagJUiaPPgbFPl9bdj0V:1olWR2:dZ8KSMHO_Js7nrma4plNckMRMSaTy76TBmYCrceLMMQ','2022-11-03 14:22:12.160555'),('xipm7y5nhqv89epinkhazf5bmr11ib16','.eJxVjL0OwjAQg98lM4qapsklbHRnZK4uP0cLVSI1rRgQ704qdYDFkv3ZfrMBt3UcthKXYQrszCQ7_WYO_TOmHYQHpnvmPqd1mRzfK_yghV_mOb-q3OqmXHOIc38M_95GLGO9EqBb9NKC1uCNbzvpBEAEUK4a2xgKyjdaCmuIBGntFADajsBSIJTs8wU0dDyY:1ol17l:5lqes2P_vUfPlOrekzc7pQXyeI2HYTDx0ySmQAw8f-0','2022-11-02 04:56:13.326151'),('yi85rhmupny9jcerjznu7y9q6kkemcy4','.eJxVjD0PgjAURf9LZ9O09IPWTXZHZ_LavicooQmFOBj_uyVh0OUO995z3qyHbR36reDSj4mdWcNOv12A-MR5H9ID5nvmMc_rMga-X_ixFn6ZpvyqcatMueaEU3eAf7YBylBVFIT0LoJvkwEi9M4pq4VtSDkjiaxGB1ZLj0lTK0goYagJUiaPPgbFPl9bdj0V:1okPts:IvKGICyJ5FDupMap2ylbz_nTnGaXo9oAxoRsn9xoj5s','2022-10-31 13:11:24.066696'),('z7caaymrur701ed2yvawwtir7uxncge8','.eJxVjD0PgjAURf9LZ9O09IPWTXZHZ_LavicooQmFOBj_uyVh0OUO995z3qyHbR36reDSj4mdWcNOv12A-MR5H9ID5nvmMc_rMga-X_ixFn6ZpvyqcatMueaEU3eAf7YBylBVFIT0LoJvkwEi9M4pq4VtSDkjiaxGB1ZLj0lTK0goYagJUiaPPgbFPl9bdj0V:1olVKs:9oUSRn6Xk42FC7t9VdtU0QxsRw6Giy6fxUrDs1_fEyA','2022-11-03 13:11:46.855143'),('zc1k2r0ohssk7qrpvdg7xol0lynhxbjt','.eJxVjbEOwjAQQ_8lM4qSay4NbLAzMkeXu4gWqkZqWjEg_p1W6gCLB9vPfqtIy9zFpeYp9qJOyqnDr5eIn3ncAnnQeC-ayzhPfdJbRe9p1edhKK9VbitTr0XycNnBv7WOard9tOAQRBqDNqF3kBs0SJwStKYBtMGQ55CO0FrrGdAbcJxInLAJHNTnCyAcO-g:1olTQR:vphkK-daEecgwM7PNVtObgC6SEIVwCdzEddyLWOc4h4','2022-11-03 11:09:23.487348'),('zxbz7c94ark6xsb0svy5ivg6cv3h05l4','.eJxVjbEOwjAQQ_8lM4qSay4NbLAzMkeXu4gWqkZqWjEg_p1W6gCLB9vPfqtIy9zFpeYp9qJOyqnDr5eIn3ncAnnQeC-ayzhPfdJbRe9p1edhKK9VbitTr0XycNnBv7WOard9tOAQRBqDNqF3kBs0SJwStKYBtMGQ55CO0FrrGdAbcJxInLAJHNTnCyAcO-g:1ojItf:7PEvR74L-LILrN-BwCL7S3fgugIqrYW9oMPGqeNUKbY','2022-10-28 11:30:35.957952');
/*!40000 ALTER TABLE `django_session` ENABLE KEYS */;
UNLOCK TABLES;

--
-- Table structure for table `videos_admission`
--

DROP TABLE IF EXISTS `videos_admission`;
/*!40101 SET @saved_cs_client     = @@character_set_client */;
/*!50503 SET character_set_client = utf8mb4 */;
CREATE TABLE `videos_admission` (
  `id` bigint(20) NOT NULL AUTO_INCREMENT,
  `admissionDate` datetime(6) NOT NULL,
  `course_id` bigint(20) NOT NULL,
  `user_id` int(11) NOT NULL,
  PRIMARY KEY (`id`),
  KEY `videos_admission_course_id_ca0929a6_fk_videos_course_id` (`course_id`),
  KEY `videos_admission_user_id_e8c042b3_fk_auth_user_id` (`user_id`),
  CONSTRAINT `videos_admission_course_id_ca0929a6_fk_videos_course_id` FOREIGN KEY (`course_id`) REFERENCES `videos_course` (`id`),
  CONSTRAINT `videos_admission_user_id_e8c042b3_fk_auth_user_id` FOREIGN KEY (`user_id`) REFERENCES `auth_user` (`id`)
) ENGINE=InnoDB AUTO_INCREMENT=5 DEFAULT CHARSET=utf8;
/*!40101 SET character_set_client = @saved_cs_client */;

--
-- Dumping data for table `videos_admission`
--

LOCK TABLES `videos_admission` WRITE;
/*!40000 ALTER TABLE `videos_admission` DISABLE KEYS */;
INSERT INTO `videos_admission` VALUES (1,'2022-10-11 13:07:04.539625',1,6),(2,'2022-10-14 11:31:07.438098',1,4),(3,'2022-10-17 12:50:05.546959',1,2),(4,'2022-10-17 13:14:54.370941',1,3);
/*!40000 ALTER TABLE `videos_admission` ENABLE KEYS */;
UNLOCK TABLES;

--
-- Table structure for table `videos_attendence`
--

DROP TABLE IF EXISTS `videos_attendence`;
/*!40101 SET @saved_cs_client     = @@character_set_client */;
/*!50503 SET character_set_client = utf8mb4 */;
CREATE TABLE `videos_attendence` (
  `id` bigint(20) NOT NULL AUTO_INCREMENT,
  `inTime` datetime(6) NOT NULL,
  `outTime` datetime(6) NOT NULL,
  `user_id` int(11) NOT NULL,
  PRIMARY KEY (`id`),
  KEY `videos_attendence_user_id_fd11ead8_fk_auth_user_id` (`user_id`),
  CONSTRAINT `videos_attendence_user_id_fd11ead8_fk_auth_user_id` FOREIGN KEY (`user_id`) REFERENCES `auth_user` (`id`)
) ENGINE=InnoDB AUTO_INCREMENT=63 DEFAULT CHARSET=utf8;
/*!40101 SET character_set_client = @saved_cs_client */;

--
-- Dumping data for table `videos_attendence`
--

LOCK TABLES `videos_attendence` WRITE;
/*!40000 ALTER TABLE `videos_attendence` DISABLE KEYS */;
INSERT INTO `videos_attendence` VALUES (1,'2022-10-11 12:25:44.163027','2022-10-17 14:41:41.234903',3),(2,'2022-10-11 12:35:07.810955','2022-10-11 12:35:07.810955',3),(3,'2022-10-11 12:46:23.842364','2022-10-20 11:07:07.853972',4),(4,'2022-10-11 12:47:13.037158','2022-10-11 12:47:13.037158',3),(5,'2022-10-11 13:07:44.281872','2022-10-12 07:08:35.697195',6),(6,'2022-10-11 13:08:20.223120','2022-10-11 13:08:20.223120',6),(7,'2022-10-11 13:08:55.237984','2022-10-11 13:08:55.237984',3),(8,'2022-10-11 13:10:00.281542','2022-10-11 13:10:00.281542',6),(9,'2022-10-11 13:11:29.311810','2022-10-11 13:11:29.311810',6),(10,'2022-10-11 13:12:09.559937','2022-10-11 13:12:09.559937',6),(11,'2022-10-11 14:40:32.930600','2022-10-11 14:40:32.930600',3),(12,'2022-10-11 14:42:10.741553','2022-10-11 14:42:10.741553',6),(13,'2022-10-11 14:47:13.098864','2022-10-11 14:47:13.098864',6),(14,'2022-10-11 15:24:48.226423','2022-10-11 15:24:48.226423',6),(15,'2022-10-11 15:25:27.563035','2022-10-11 15:25:27.563035',6),(16,'2022-10-11 15:26:11.634668','2022-10-11 15:26:11.634668',6),(17,'2022-10-12 07:08:54.396642','2022-10-12 07:08:54.396642',3),(18,'2022-10-12 07:14:20.785146','2022-10-12 07:14:20.785146',3),(19,'2022-10-12 09:58:26.943657','2022-10-12 09:58:26.943657',6),(20,'2022-10-12 10:06:08.582180','2022-10-12 10:06:08.582180',3),(21,'2022-10-14 05:49:39.900293','2022-10-14 05:49:39.900293',3),(22,'2022-10-14 05:50:17.476001','2022-10-14 05:50:17.476001',6),(23,'2022-10-14 08:23:33.589435','2022-10-14 08:23:33.589435',3),(24,'2022-10-14 11:09:36.221279','2022-10-14 11:09:36.221279',3),(25,'2022-10-14 11:11:04.953261','2022-10-20 11:48:14.185448',7),(26,'2022-10-14 11:11:35.497241','2022-10-14 11:11:35.497241',3),(27,'2022-10-14 11:14:13.730748','2022-10-14 11:14:13.730748',7),(28,'2022-10-14 11:30:35.933849','2022-10-14 11:30:35.933849',4),(29,'2022-10-14 12:30:17.513053','2022-10-14 12:30:17.513053',4),(30,'2022-10-14 13:13:00.787003','2022-10-14 13:13:00.787003',4),(31,'2022-10-15 06:32:27.698945','2022-10-15 06:32:27.698945',7),(32,'2022-10-15 07:04:32.418998','2022-10-15 07:04:32.418998',7),(33,'2022-10-15 07:21:29.851123','2022-10-15 07:21:29.851123',6),(34,'2022-10-15 08:53:20.955214','2022-10-15 08:53:20.955214',4),(35,'2022-10-17 04:19:01.960165','2022-10-17 04:19:01.960165',4),(36,'2022-10-17 04:26:53.750414','2022-10-17 04:26:53.750414',3),(37,'2022-10-17 12:45:13.237483','2022-10-20 13:34:21.253078',2),(38,'2022-10-17 12:54:24.661729','2022-10-17 12:54:24.661729',3),(39,'2022-10-17 13:11:24.043080','2022-10-17 13:11:24.043080',2),(40,'2022-10-17 13:41:20.623467','2022-10-17 13:41:20.623467',2),(41,'2022-10-17 13:54:43.073830','2022-10-17 13:54:43.073830',2),(42,'2022-10-17 14:40:26.151181','2022-10-17 14:40:26.151181',3),(43,'2022-10-17 15:14:20.446637','2022-10-17 15:14:20.446637',2),(44,'2022-10-18 06:33:49.673889','2022-10-18 06:33:49.673889',2),(45,'2022-10-18 06:58:35.123506','2022-10-18 06:58:35.123506',7),(46,'2022-10-19 04:56:13.307760','2022-10-19 04:56:13.307760',3),(47,'2022-10-19 16:43:36.899642','2022-10-19 16:43:36.899642',4),(48,'2022-10-20 06:43:26.407721','2022-10-20 06:43:26.407721',7),(49,'2022-10-20 11:04:47.982064','2022-10-20 11:04:47.982064',4),(50,'2022-10-20 11:07:22.935436','2022-10-20 11:07:22.935436',3),(51,'2022-10-20 11:09:23.470178','2022-10-20 11:09:23.470178',4),(52,'2022-10-20 12:19:01.957790','2022-10-20 12:19:01.957790',3),(53,'2022-10-20 12:43:10.758013','2022-10-20 12:43:10.758013',2),(54,'2022-10-20 12:52:44.920844','2022-10-20 12:52:44.920844',2),(55,'2022-10-20 13:02:18.167038','2022-10-20 13:02:18.167038',2),(56,'2022-10-20 13:05:54.228539','2022-10-20 13:05:54.228539',2),(57,'2022-10-20 13:11:46.830623','2022-10-20 13:11:46.830623',2),(58,'2022-10-20 14:04:06.324261','2022-10-20 14:04:06.324261',2),(59,'2022-10-20 14:12:58.983367','2022-10-20 14:12:58.983367',2),(60,'2022-10-20 14:21:47.662460','2022-10-20 14:21:47.662460',2),(61,'2022-10-20 14:22:12.107276','2022-10-20 14:22:12.107276',2),(62,'2022-10-20 15:57:25.245110','2022-10-20 15:57:25.245110',3);
/*!40000 ALTER TABLE `videos_attendence` ENABLE KEYS */;
UNLOCK TABLES;

--
-- Table structure for table `videos_course`
--

DROP TABLE IF EXISTS `videos_course`;
/*!40101 SET @saved_cs_client     = @@character_set_client */;
/*!50503 SET character_set_client = utf8mb4 */;
CREATE TABLE `videos_course` (
  `id` bigint(20) NOT NULL AUTO_INCREMENT,
  `name` varchar(200) NOT NULL,
  `description` varchar(500) NOT NULL,
  `courseImage` varchar(100) NOT NULL,
  PRIMARY KEY (`id`)
) ENGINE=InnoDB AUTO_INCREMENT=2 DEFAULT CHARSET=utf8;
/*!40101 SET character_set_client = @saved_cs_client */;

--
-- Dumping data for table `videos_course`
--

LOCK TABLES `videos_course` WRITE;
/*!40000 ALTER TABLE `videos_course` DISABLE KEYS */;
INSERT INTO `videos_course` VALUES (1,'Smart Tally Specialist','No description','courses/tallyprime.jpg');
/*!40000 ALTER TABLE `videos_course` ENABLE KEYS */;
UNLOCK TABLES;

--
-- Table structure for table `videos_facultycheck`
--

DROP TABLE IF EXISTS `videos_facultycheck`;
/*!40101 SET @saved_cs_client     = @@character_set_client */;
/*!50503 SET character_set_client = utf8mb4 */;
CREATE TABLE `videos_facultycheck` (
  `id` bigint(20) NOT NULL AUTO_INCREMENT,
  `password` varchar(50) NOT NULL,
  `faculty_id` int(11) NOT NULL,
  PRIMARY KEY (`id`),
  KEY `videos_facultycheck_faculty_id_cdb1107c_fk_auth_user_id` (`faculty_id`),
  CONSTRAINT `videos_facultycheck_faculty_id_cdb1107c_fk_auth_user_id` FOREIGN KEY (`faculty_id`) REFERENCES `auth_user` (`id`)
) ENGINE=InnoDB AUTO_INCREMENT=2 DEFAULT CHARSET=utf8;
/*!40101 SET character_set_client = @saved_cs_client */;

--
-- Dumping data for table `videos_facultycheck`
--

LOCK TABLES `videos_facultycheck` WRITE;
/*!40000 ALTER TABLE `videos_facultycheck` DISABLE KEYS */;
INSERT INTO `videos_facultycheck` VALUES (1,'shub#123',7);
/*!40000 ALTER TABLE `videos_facultycheck` ENABLE KEYS */;
UNLOCK TABLES;

--
-- Table structure for table `videos_mcq`
--

DROP TABLE IF EXISTS `videos_mcq`;
/*!40101 SET @saved_cs_client     = @@character_set_client */;
/*!50503 SET character_set_client = utf8mb4 */;
CREATE TABLE `videos_mcq` (
  `id` bigint(20) NOT NULL AUTO_INCREMENT,
  `question` longtext NOT NULL,
  `option1` varchar(200) NOT NULL,
  `option2` varchar(200) NOT NULL,
  `option3` varchar(200) NOT NULL,
  `option4` varchar(200) NOT NULL,
  `answer` varchar(200) NOT NULL,
  `topic_id` bigint(20) NOT NULL,
  `questionImage` varchar(100) NOT NULL,
  `hint` varchar(200) NOT NULL,
  `facultyCheck` tinyint(1) NOT NULL,
  PRIMARY KEY (`id`),
  KEY `videos_mcq_topic_id_2795569a_fk_videos_video_id` (`topic_id`),
  CONSTRAINT `videos_mcq_topic_id_2795569a_fk_videos_video_id` FOREIGN KEY (`topic_id`) REFERENCES `videos_video` (`id`)
) ENGINE=InnoDB AUTO_INCREMENT=34 DEFAULT CHARSET=utf8;
/*!40101 SET character_set_client = @saved_cs_client */;

--
-- Dumping data for table `videos_mcq`
--

LOCK TABLES `videos_mcq` WRITE;
/*!40000 ALTER TABLE `videos_mcq` DISABLE KEYS */;
INSERT INTO `videos_mcq` VALUES (1,'<p><span style=\"font-size:11pt\"><span style=\"font-family:Calibri,sans-serif\">When we purchase goods from our supplier the suppliers account is</span></span></p>','Debited','Credited','','','Credited',11,'','',0),(2,'<p><span style=\"font-size:11.0pt\"><span style=\"font-family:&quot;Calibri&quot;,sans-serif\">When we sell goods for Cash the Cash A/c is</span></span></p>','Debited','Credited','','','Debited',12,'','',0),(3,'<p><span style=\"font-size:11pt\"><span style=\"font-family:Calibri,sans-serif\">When we withdraw money from the bank and put it in the cash box. The Cash A/c</span></span></p>','Is Debited','Is Credited','','','Is Debited',12,'','',0),(4,'<p><span style=\"font-size:11.0pt\"><span style=\"font-family:&quot;Calibri&quot;,sans-serif\">When we give Commission the Commission Expense account is</span></span></p>','Debited','Credited','','','Debited',12,'','',0),(5,'<p><span style=\"font-size:11.0pt\"><span style=\"font-family:&quot;Calibri&quot;,sans-serif\">when we give discount to our customer that Discount Given is</span></span></p>','Debited','Credited','','','Debited',12,'','',0),(6,'<p><span style=\"font-size:11.0pt\"><span style=\"font-family:&quot;Calibri&quot;,sans-serif\">when bank deducts money from our account as a charge then the Bank Account is</span></span></p>','Debited','Credited','','','Credited',12,'','',0),(7,'<p><span style=\"font-size:11.0pt\"><span style=\"font-family:&quot;Calibri&quot;,sans-serif\">Checked Page 1 &amp; Page 2 in Volume 1</span></span></p>','Yes','No','','','Yes',12,'','',1),(8,'<p><span style=\"font-size:11.0pt\"><span style=\"font-family:&quot;Calibri&quot;,sans-serif\">In the Ledger if the total of Debits is 1,100 Dr and the total of Credits is 1,000 Cr then the closing balance of the Ledger is</span></span></p>','100 Dr','100 Cr','2,100 Dr','2,100 Cr','100 Dr',13,'','',0),(9,'<p><span style=\"font-size:11.0pt\"><span style=\"font-family:&quot;Calibri&quot;,sans-serif\">The Closing Balance of Cash A/c is always</span></span></p>','Debit','Credit','','','Debit',14,'','',0),(10,'<p><span style=\"font-size:11.0pt\"><span style=\"font-family:&quot;Calibri&quot;,sans-serif\">Ledger of Bank Account appears in:</span></span></p>','Trading account','Profit and loss account','Balance sheet','','Balance sheet',15,'','',0),(11,'<p>Do you understand the topic?</p>','Yes','No','','','Yes',30,'','',1),(12,'<p><span style=\"font-size:11.0pt\"><span style=\"font-family:&quot;Calibri&quot;,sans-serif\">Machinery is</span></span></p>','Real Account','Personal Account','Nominal Account','','Real Account',16,'','',0),(13,'<p><span style=\"font-size:11.0pt\"><span style=\"font-family:&quot;Calibri&quot;,sans-serif\">Suppliers Account is</span></span></p>','Real Account','Personal Account','Nominal Account','','Personal Account',16,'','',0),(14,'<p><span style=\"font-size:11.0pt\"><span style=\"font-family:&quot;Calibri&quot;,sans-serif\">Bank Account is</span></span></p>','Real Account','Personal Account','Nominal Account','','Personal Account',16,'','',0),(15,'<p><span style=\"font-size:11.0pt\"><span style=\"font-family:&quot;Calibri&quot;,sans-serif\">Sales Account is</span></span></p>','Real Account','Personal Account','Nominal Account','','Nominal Account',16,'','',0),(16,'<p><span style=\"font-size:11.0pt\"><span style=\"font-family:&quot;Calibri&quot;,sans-serif\">When closing balance of a ledger is Credit (10,000 Cr) that means</span></span></p>','10,000 is in the Bank','Till now we have spent to 10,000 on Tea Expenses','Till now we have purchased goods worth 10,000','Till now we have sold goods worth 10,000','Till now we have sold goods worth 10,000',16,'','',0),(17,'<p><span style=\"font-size:11.0pt\"><span style=\"font-family:&quot;Calibri&quot;,sans-serif\">When closing balance of a ledger is Debit (100 Dr) that means</span></span></p>','We have to give 100 to someone','We have to take 100 from someone','We have earned 100 buy receiving commission','We have to repay loan of 100','We have to take 100 from someone',16,'','',0),(18,'<p><span style=\"font-size:11.0pt\"><span style=\"font-family:&quot;Calibri&quot;,sans-serif\">The closing balance of Cash Account must be</span></span></p>','Debit','Credit','','','Debit',16,'','',0),(19,'<p><span style=\"font-size:11.0pt\"><span style=\"font-family:&quot;Calibri&quot;,sans-serif\">Purchase A/c appears in the</span></span></p>','Trading account','Profit and loss account','Balance sheet','','Trading account',15,'','',0),(20,'<p><span style=\"font-size:11.0pt\"><span style=\"font-family:&quot;Calibri&quot;,sans-serif\">Indirect expenses appear in</span></span></p>','Trading account','Profit and loss account','Balance sheet','','Profit and loss account',15,'','',0),(21,'<p><span style=\"font-size:11.0pt\"><span style=\"font-family:&quot;Calibri&quot;,sans-serif\">The closing balance of Loan Taken must be</span></span></p>','Debit','Credit','','','Credit',16,'','',0),(22,'<p><span style=\"font-size:11.0pt\"><span style=\"font-family:&quot;Calibri&quot;,sans-serif\">The closing balance of Purchase A/c is</span></span></p>','Debit','Credit','','','Debit',16,'','',0),(23,'<p><span style=\"font-size:11.0pt\"><span style=\"font-family:&quot;Calibri&quot;,sans-serif\">Sales is a</span></span></p>','Asset','Liability','Income','Expense','Income',16,'','',0),(24,'<p><span style=\"font-size:11.0pt\"><span style=\"font-family:&quot;Calibri&quot;,sans-serif\">In the Trading Account the Gross Profit is shown on the</span></span></p>','Debit Side','Credit Side','','','Debit Side',17,'','',0),(25,'<p><span style=\"font-size:11.0pt\"><span style=\"font-family:&quot;Calibri&quot;,sans-serif\">If the Closing Balance shown in the Profit &amp; Loss A/c is on the Debit side it is</span></span></p>','Gross Profit','Gross Loss','Net Profit','Net Loss','Net Profit',17,'','',0),(26,'<p><span style=\"font-size:11.0pt\"><span style=\"font-family:&quot;Calibri&quot;,sans-serif\">In the Balance Sheet Net Profit appears on the</span></span></p>','Asset Side','Liability Side','','','Liability Side',17,'','',0),(27,'<p><span style=\"font-size:11.0pt\"><span style=\"font-family:&quot;Calibri&quot;,sans-serif\">Which one is NOT a method of Inventory Evaluation.</span></span></p>','FIFO','TIFO','LIFO','Weighted Average','TIFO',18,'','',0),(28,'<p><span style=\"font-size:11.0pt\"><span style=\"font-family:&quot;Calibri&quot;,sans-serif\">To Shut a selected Company</span></span></p>','Alt + F1','Ctrl + F3','From the Company menu select Shut Company.','All of the above','All of the above',19,'','',0),(29,'<p><span style=\"font-size:11.0pt\"><span style=\"font-family:&quot;Calibri&quot;,sans-serif\">On creating a company data of TallyPrime is stored in a folder. This folder is given a number which of the following is the correct name of such a folder.</span></span></p>','904953','90495','9049','9049A','90495',19,'','',0),(30,'<p><span style=\"font-size:11.0pt\"><span style=\"font-family:&quot;Calibri&quot;,sans-serif\">Suppliers are called Sundry Creditors and Customers are called Sundry Debtors</span></span></p>','True','False','','','True',19,'','',0),(31,'<p><span style=\"font-size:11.0pt\"><span style=\"font-family:&quot;Calibri&quot;,sans-serif\">When we receive money, we record the transaction in the voucher</span></span></p>','Receipt','Payment','Contra','Journal','Receipt',20,'','',0),(32,'<p><span style=\"font-size:11.0pt\"><span style=\"font-family:&quot;Calibri&quot;,sans-serif\">When we transfer money from one bank to other bank, we record the transaction in the voucher</span></span></p>','Receipt','Payment','Contra','Journal','Contra',20,'','',0),(33,'<p><span style=\"font-size:11.0pt\"><span style=\"font-family:&quot;Calibri&quot;,sans-serif\">To change the mode of a Voucher we press Ctrl + H</span></span></p>','True','False','','','True',20,'','',0);
/*!40000 ALTER TABLE `videos_mcq` ENABLE KEYS */;
UNLOCK TABLES;

--
-- Table structure for table `videos_section`
--

DROP TABLE IF EXISTS `videos_section`;
/*!40101 SET @saved_cs_client     = @@character_set_client */;
/*!50503 SET character_set_client = utf8mb4 */;
CREATE TABLE `videos_section` (
  `id` bigint(20) NOT NULL AUTO_INCREMENT,
  `name` varchar(200) NOT NULL,
  `description` varchar(500) NOT NULL,
  `sectionNo` double NOT NULL,
  `course_id` bigint(20) NOT NULL,
  `inOrder` tinyint(1) NOT NULL,
  PRIMARY KEY (`id`),
  KEY `videos_section_course_id_1321f712_fk_videos_course_id` (`course_id`),
  CONSTRAINT `videos_section_course_id_1321f712_fk_videos_course_id` FOREIGN KEY (`course_id`) REFERENCES `videos_course` (`id`)
) ENGINE=InnoDB AUTO_INCREMENT=5 DEFAULT CHARSET=utf8;
/*!40101 SET character_set_client = @saved_cs_client */;

--
-- Dumping data for table `videos_section`
--

LOCK TABLES `videos_section` WRITE;
/*!40000 ALTER TABLE `videos_section` DISABLE KEYS */;
INSERT INTO `videos_section` VALUES (1,'Volume-1','',1,1,1),(2,'Volume-2','',2,1,1),(3,'Volume-3','',3,1,1),(4,'Basics of Accounts','No description',0,1,1);
/*!40000 ALTER TABLE `videos_section` ENABLE KEYS */;
UNLOCK TABLES;

--
-- Table structure for table `videos_video`
--

DROP TABLE IF EXISTS `videos_video`;
/*!40101 SET @saved_cs_client     = @@character_set_client */;
/*!50503 SET character_set_client = utf8mb4 */;
CREATE TABLE `videos_video` (
  `id` bigint(20) NOT NULL AUTO_INCREMENT,
  `title` varchar(200) NOT NULL,
  `description` longtext NOT NULL,
  `videoLink` varchar(500) NOT NULL,
  `lessonNo` double NOT NULL,
  `course_id` bigint(20) NOT NULL,
  `description2` longtext NOT NULL,
  `topicImage` varchar(100) NOT NULL,
  `sectionName_id` bigint(20) DEFAULT NULL,
  `hideVideo` tinyint(1) NOT NULL,
  `facultyCheck` tinyint(1) NOT NULL,
  PRIMARY KEY (`id`),
  KEY `videos_video_course_id_6362c64c_fk_videos_course_id` (`course_id`),
  KEY `videos_video_sectionName_id_ac410792_fk_videos_section_id` (`sectionName_id`),
  CONSTRAINT `videos_video_course_id_6362c64c_fk_videos_course_id` FOREIGN KEY (`course_id`) REFERENCES `videos_course` (`id`),
  CONSTRAINT `videos_video_sectionName_id_ac410792_fk_videos_section_id` FOREIGN KEY (`sectionName_id`) REFERENCES `videos_section` (`id`)
) ENGINE=InnoDB AUTO_INCREMENT=141 DEFAULT CHARSET=utf8;
/*!40101 SET character_set_client = @saved_cs_client */;

--
-- Dumping data for table `videos_video`
--

LOCK TABLES `videos_video` WRITE;
/*!40000 ALTER TABLE `videos_video` DISABLE KEYS */;
INSERT INTO `videos_video` VALUES (11,'Basics of Accounts Part 1','','https://www.youtube.com/embed/a7szq98ISbo',3001,1,'','',4,0,0),(12,'Basics of Accounts Part 2','','https://www.youtube.com/embed/WERfJiGNsuw',3002,1,'','',4,0,0),(13,'Basics of Accounts Part 3','','https://www.youtube.com/embed/pENdBgvDAaI',3003,1,'','',4,0,0),(14,'Basics of Accounts Part 4','','https://www.youtube.com/embed/GUs9YJ6JvL8',3004,1,'','',4,0,0),(15,'Basics of Accounts Part 5','','https://www.youtube.com/embed/r1tkuKFUBFs',3005,1,'','',4,0,0),(16,'Basics of Accounts Part 6','','https://www.youtube.com/embed/PPeWaRgTPxs',3006,1,'','',4,0,0),(17,'Basics of Accounts Part 7','','https://www.youtube.com/embed/mC9iRTGp7Tg',3007,1,'','',4,0,0),(18,'Basics of Accounts Part 8','','https://www.youtube.com/embed/AXshq0vKfYI',3008,1,'','',4,0,0),(19,'Introduction to TallyPrime','<p><u><strong>For Faculty (Teacher);</strong></u></p>\r\n\r\n<ol>\r\n	<li>The student can create and select a company from the folder on the server.</li>\r\n	<li>The Student has understood that he should work only in one company at one time</li>\r\n</ol>','https://www.youtube.com/embed/SltFFYUa7l8',3009,1,'','',1,0,1),(20,'Basic Data Entry in Tally Prime','<p>The student has learned and understood the lines<br />\r\n  Purchase,   Sales,     Receipt,     Payment.&nbsp;<br />\r\nCash to Bank, Bank to Cash, Cash to Cash, Bank to Bank Contra.<br />\r\n  Journal.<br />\r\n<br />\r\n&nbsp;</p>','https://www.youtube.com/embed/VPhEFotgXF8',3010,1,'','',1,0,1),(21,'Joshi Cold Drinks (Practice 1)','<p><span style=\"font-size:11.0pt\"><span style=\"font-family:&quot;Calibri&quot;,sans-serif\">Create a company by the name of <strong>Joshi Cold Drinks (Practice 1)</strong> and complete the exercise given in Page 1 &amp; 2 given as additional sheets.</span></span></p>','',3011,1,'<p><u><strong>For Faculty (Teacher):</strong></u><br />\r\n&nbsp; &nbsp; 1. Checked the output according the sheet.</p>','',1,0,1),(22,'Joshi Cold Drinks (Practice 2)','<p><span style=\"font-size:11pt\"><span style=\"font-family:Calibri,sans-serif\">Create a company by the name of <strong>Joshi Cold Drinks (Practice 2)</strong> and complete the exercise again only by seeing the chart:</span></span></p>\r\n\r\n<p><span style=\"font-size:11pt\"><span style=\"font-family:Calibri,sans-serif\"><img src=\"data:image/png;base64,iVBORw0KGgoAAAANSUhEUgAABPcAAAGDCAIAAADI82LlAAAAAXNSR0IArs4c6QAAAAlwSFlzAAAOwwAADsQBiC4+owAAtmpJREFUeF7tvX/sF9Wd77/eGrP3D4RS0hupl3BVNiVwI4sFjJVdMYtVII0G/IH2GnohgOgaXS0q6NdsKj+ktli3BWxky/UWFcVIXECEDXjVkgKCNkroXanlsizmbiiCJLc3xk2/j9vX7nGcmffMmXnPzHtm3s/545P35/0+c87rPM6ZM+d1Xq/zOmf9/ve//yNdIiACIiACIiACIiACIiACIiACItAKAv+uFbVQJURABERABERABERABERABERABETg/xGQlqt+IAIiIAIiIAIiIAIiIAIiIAIi0B4C0nLb05aqiQiIgAiIgAiIgAiIgAiIgAiIgLRc9QEREAEREAEREAEREAEREAEREIH2EJCW2562VE1EQAREQAREQAREQAREQAREQASk5aoPiIAIiIAIiIAIiIAIiIAIiIAItIeAtNz2tKVqIgIiIAIiIAIiIAIiIAIiIAIiIC1XfUAEREAEREAEREAEREAE/pXA1VdffdZZZz355JP5iPz2t7/l9sGDB3/wwQf5ctBdIiAC3ROQlts9Q+UgAiIgAiIgAiIgAiLQBgK//OUvX331VWoyefLkUH2ee+65m266CfUVJZZr3LhxK1asQKcNJfvSl7504403fvTRR4899lgbiKgOItBMAmf9/ve/b6bkkloEREAEREAEREAEREAEiiSwYMGC1atXo6ai07p8UX2nT5/+61//OlrS1772tW3btqHZBn/aunXr1KlT+ebEiROhn4qUVXmJgAh0JiBbrnqHCIiACIiACIiACIiACPwRhllUXEDceuutQRx4L6PifvGLX1y0aNEbf7jWrFnDv6R56623HnrooRC7KVOm2K8bN24UVhEQgZ4QkC23J9hVqAiIgAiIgAiIgAiIQL0IYL+dOXMmMoVcHTHworX+1V/9VdAwi4F3zJgxVoGoa6TZhLH07tu3r16VlDQi0B8EZMvtj3ZWLUVABERABERABERABBIJbNq0id9xVw6lWrVq1ZIlS0K+xxdffPE3vvENS/nmm2+Gbpk2bRrfYOlVDCp1OhHoCQFpuT3BrkJFQAREQAREQAREQATqRWDDhg0INGnSJE+xLrnkEks5YMCA0C0TJkywb3bs2OGZm5KJgAgUSEBaboEwlZUIiIAIiIAIiIAIiEAjCTh77KhRozwrsH37dlLizIxdN3QLhl/clfly165dnrkpmQiIQIEEpOUWCFNZiYAIiIAIiIAIiIAINJLA7t27Te7LL7/cpwJs4sUhmZS33XZbbPoLL7yQ7y2NLhEQgYoJSMutGLiKEwEREAEREAEREAERqB2BAwcOIJPFRk6+2GrLSbkWpwqDLVGpYtOPHTuW72PPH0orQb+LgAh0S0BabrcEdb8IiIAIiIAIiIAIiEDTCZw6dYoqjB8/PrYiaLZn/duFkfa+++4j2aOPPkoI5U4n4g4cONCyisamajoryS8C9ScgLbf+bSQJRUAEREAEREAEREAEyiWwd+/erAWg63JiEKfsxt7ov783a7lKLwIikEpAWm4qIiUQAREQAREQAREQARFoOYGPPvoooYYXXHABh+LadeLEiS1bttgxQhyKO2LECB0X1PLOoeo1kIC03AY2mkQWAREQAREQAREQARHoEQFclKdMmbJt2zY8lhEB9XjRokU9kkXFioAIxBOQlqueIQIiIAIiIAIiIAIiIAKZCSxcuNCiVdlBu7pEQATqQ0Babn3aQpKIgAiIgAiIgAiIgAg0iUCnaFVNqoNkFYE2EpCW28ZWVZ1EQAREQAREQAREQASyELB9tpku4k69+uqrnW45ePBgptyUWAREoEAC0nILhKmsREAEREAEREAEREAEGkwgGmn5l7/85UUXXRR7GtBDDz1kVb3tttuidT59+rR9OXLkyAYTkegi0EwC0nKb2W6SWgREQAREQAREQAREoDgCV155JZkRSip0MtCZM2d+/etfT5w4cdy4cU8++STqLtdzzz139dVXE2CZW9iae++990YFOXDggP3a6UDd4mRXTiIgAmEC0nLVJ0RABGpHgKnDWWedxWQin2RMULh98ODBOtohH0DdJQIiIAJ9SGD06NFW60OHDgWrf/nll5sz81tvvTV//nzUXa6ZM2earzJK7K5duzhnKEqM9Hx51VVX9SFMVVkEek5AWm7Pm0ACiIAIfI4AvmE2dZg8ebL7AX0VrRXdNfbClyyYBavmN954I+vxjz32mOCKgAiIgAiIgA+BCRMmWLLdu3eH0nNo0BtvvIFb8oUXXuh+QvVds2bN+++/f/HFF0fzZ70VCzDfT5o0yad0pREBESiWgLTcYnkqNxEQgW4JmAkXNTW4NH78+HG01k5Znzx5MvTTrbfeyjf4koUcz7oVTveLgAiIgAi0lAArpF/72teo3M6dO6NVxKK7atWqw4cP//7fLlTfefPmdfJG3rNnj2Vy6aWXthSYqiUCtSZwFo9qrQWUcCIgAv1EAKV0yJAh1HjLli1TpkxxVWcTFB5i/MtqepTHgAEDokvp2H5RjFloZxbSTwhVVxEQAREQgZwEWGbFJ5mbT5w40eVm2gULFrDSiu0XxTinNLpNBESgCwKy5XYBT7eKgAgUTWDHjh2WZVDFDRbCanr0ivUWu+mmm7jxqaeeKlpG5ScCIiACItBOAm6njHsZ5a4n4am4d+7cublz0I0iIALdEJCW2w093SsCIlAwgU2bNpEj7srd5ztt2jQyIfiHYlB1D1M5iIAIiEA/EGCnjL2A7GWU+9q6davtspkxY0buTHSjCIhANwS69Vhmz/3mzZvZXs+uuQ8//JC/XJ9++mk3MvX5vWefffbQP1znnXcef/F1mTp16p/8yZ/0ORZVv08IEFyKmkbdjJ3Hsv8mC+f8LKflPuk8jaumXqDFNpnensXy7Nvc3OuGyW1s5GQfMjgTbdiwgWhVbOX1Sa80DSWgYbyohitjAM+p5XJkNrvm0G/tKDBdZRMYO3Ysui62qfHjx5ddlvIXgV4RCG6+xS05KEYOLZfbOdsQWy4L8+Y5pksE6kBAL9AqW0Fvzyppt6YsTrMj1P+jjz66cOHCHJWyNVZOGOIFlFtPzlGubqmMgIbxalB3OYBn1nJfe+21ZcuWbd++3ao3aNAgtC/CxznbIxbIc845p5rKt7KUTz75xKzi9vcXv/gFqwmnT5+2ynLq2gMPPHDFFVe0su6qVJ8TWLFixX333QeEqME2n5Zrq+kK/tHn/ao+1f8f/+N/LF26VC/QklpEb8+SwCpbERABR0DDeEmdoZQB3MVDT/3w7rvvcgS21e3LX/7yHXfcQQj11LuUoBACr7zyCsDBbvxpCJqjkJyViQjUh4DthmL9OypSbGhljnxYtGgRTmWdqsBKvD0y9amjJOlPAnqB9qrd9fbsFXmVKwItI6BhvPoG7XIA9538PfLIIzZZ/MIXvvDQQw/9n//zf6qvqkoEO/BpAmsLGkVMRKBNBL7xjW/QsfkbrdQ777yTsHz47LPPxnJgR67dhZLcJlCqS7MI6AXa8/bS27PnTSABRKDRBDSM97D5cg/gXlrut7/9bZspso3+H//xH3tYTxUNAZqAhrAWoWnERARaQwArbictlzqi6AbNtvyLqdZu4SJSQJSDswBLy21NJ2lcRfQCrU+T6e1Zn7aQJCLQIAIaxuvQWDkG8BQt93/9r//153/+58wg//2///cvvPBCHSopGYzA888//8d//Mc0DQ1EMwmLCLSAgOmrsbbcTrVzeizey9JyW9AH2lQFvUDr2Zp6e9azXSSVCNSQgIbxujVKpgE86bzco0ePfv3rX2eb9ahRowj9oiO/Ehwmq//p+uuv//nPf07T0EA0E41VvQwqUQR6ToBQzOi3iEEoy54LIwFEwBHQC7S2nUFvz9o2jQQTgVoR0DBeq+YwYTIN4Ela7q233nrs2LH/8B/+AyouoZxrWNU+F4lGoWloIJqJxupzGqp+3xIg8LjVncehbyGo4nUjoBdo3VokKI/ennVuHckmAjUhoGG8Jg0REsN/AO+o5f7X//pfzYr7q1/9iuOC6llPSUXT0EBm0aXJBEQE+pAAm3Wt1qEjdvsQhapcEwJ6gdakIRLE0Nuz/m0kCUWghwQ0jPcQfmrRngN4vJa7ZMmSn/70p+zFffrpp6XiprLubQIaiGZijy5NRsP1VhiVLgLdELAYy5mu3/72t3b6KIfiRm88ePBgptyUWAS6J6AXaPcMq8lBb89qOKsUEWgcAQ3j9W8ynwE8Rst97733HnzwQar33/7bf5Ojcv2bGQlppv/+3/87H2g4mq8RMktIEehEYO/evf5wOFvro48+Iv3cuXOjd50+fdq+HDlypH+eSikCuQnoBZobXU9u1NuzJ9hVqAjUmYCG8Tq3TlC21AE8RstdunQpWXBWDRt8m1JPyUlsMDteyJpPlwg0kcCVV16J2GitWGiD8v/yl78cPHjwggULVqxYweZbu5588smLLrpo9erVpCQA1ezZs6NVPnDgAF9y2tCXvvSlJgKRzI0joBdo45pMb8/GNZkEFoFSCWgYLxVvsZknD+BnESE6WN5rr702adKkL3zhC0eOHDn//POLFUW5lUqAGFTDhw//l3/5l127dl1xxRWllqXMRaAMAlu3bp06dSo5cz5QcJMtWu6YMWM6lYif8/r162P1WNRgdu3eeOONzz33XBkCK08R0Au0BX3AvT2ZAtnpibpEQAT6k4D0oMa1e8IAHrblLlu2jOotWrRIKm7jmpkmo+EQ2xpRlwg0jsCECRNM5t27dweFv/jii9955x26d3DjLhtxUV+3bNmybdu2WBUXg7AFpmLlrnEoJHATCegF2sRWQ2b39pQzVENbUGKLQFEENIwXRbKyfBIG8M/ZctkOxyzzy1/+MoZcQk9VJp8KKorA7373O8y5//zP/7xnz57x48cXla3yEYHKCIwbN46Tb9Fm0V27LNRZhtGQ0ZO7zE23i0AyAb1AG91D9PZsdPNJeBEohICG8UIwVp9JpwH8c7bczZs3I9kNN9wgFbf6FiqkRBqO5iMrDFyFZKhMRKBiAnPmzKHEV199NbQ1N4cYNqBh8pWKm4OebslKQC/QrMRqlV5vz1o1R7IwxGU4K3IRu+Hqq6+u7eYUZEZCpGb5tUGo+01UDeMNbfFOA/jntFxTjaZNm9bQSkps13z2oOoSgcYRmDx5ssm8Y8eOLoW36U5s7OUuc9btIhAlYC9Q21iuq4kEbPKjt2f92y60pcUEJmwhy6MzZ87EIaj7RdLCISCzHQeggzAKZ1tghhrGC4RZcVaxA/hnWu4//MM/EI+U04dyHFlZcU1UXAIBmo9GpCnff/99gRKBxhG44IIL2G2L2Js2bepGeNbLbUpB/L1u8tG9IuBDwF6gAwcOxJrkk15pakhAb88aNkqySGvWrCFUoV18tlPT2fNyyy231K0ul112GdH+kWr06NHdyEYsRgzCmIX50E0+ujdKQMN4o3tF7AD+mZYrQ26jWzcovBakW9OU/VmRO+64g4pv2LDhgw8+yE3g6aef5l6O10Jtzp2JbhQBTwJ6gXqCqnkyvT1r3kAh8UaNGkU0frvmzZtHRBJOlSMNRt26KYFIePLkSY41mTJlSjeQz5w5w+2s4doHXQUSaM0wftNNN7EUwt8C4TQiK/OlCvrjfKblWjBSF+O0EfWRkLEErBGtQXWJQOMIMBswj5KNGzfmEx53NZRkFs7vvffefDnoLhHIRMDG20svvTTTXUpcNwJ6e9atRTLJQ7D9e+65x25B0c10rxKLQD2HceYztqM7dOGZv2LFiljn/FOnTtGa9revLnsFB9Wfz7Tc48eP89vQoUP7ikgrK2uNaA2qSwSaSIAAy6x5L1y4MJ/wzHW4nYVzGXLzAdRdWQnoBZqVWD3T6+1Zz3bxl0qnYPqzUsoQgXoO44cOHbLtV6ELz/z77rtvxIgRdXNb6GG/ig7gn2m5H374IZKdd955PZRPRRdCwBrRGlSXCIiACIhA2QT0Ai2bcDX5J789n3zyyZA5BRsLboG1jetbDbRalXLs2DGTh03yUcEIdEx7OctYgjWMe9kys2DBgosuusgavVMAZ4xpmNTIypJZl6CgUOm2n5YrqJO4TbYkDuVDhqF+ZW6oEydOtJz54HpjN7t7atV8vRWm5sM4O7DcLvRnn33WXN5QgKdPn95bbvUpPTqAy5Zbn9YpTBKtRheGUhmJgAiIgAeBehoBPARXks8RSH57nj59OsSLKSabIyyurywqdehM69atMzFcuH4nFSormiHt5SxjCdYwNEy2+K5evdp5P1oAZzIJVpNGx5iGSY2s7HvrEhQUSum20Qb307pNtuSDt3wwHzKMFlcHwi2WoebD+PDhw90udJY8cHmzUJ10UR1PZd0yyZZrrStbbgseYGtEeSy3oClVBREQgUYQ0Au0Ec2UKqTn2xOLCnsiuN555x2baKKTcNZ3DQ+wSa1yaxIw0cfcattxFy1aFNqusnjxYlRWgjU8+uijaAXWfEQbIixz1BqGzomGyfekJyszoGFJI2cyccsZWFAnTZpEMqxqZGV5kjm3WEp/Iz/5cCP5YKOzeNEWkDmYCbmRP79ak7lOyJfam1NIN27cMG6hOrl0PJVxiA7gn9lyP/30U1Kcc845hfQVZdJDAtaI1qC6REAEREAEyiagF2jZhKvJP+vb8+KLL0b3cIpu7oB51dSufaUEvXYJr2oqLnrskiVLgpVFHV26dCnf/OxnPyPcg9MJCXf84osv8j0aZlAjxaZqt+/atYuszIC2atUqFjVQPp0x9rHHHkPFxeSLVc1FTiZzbrEu8eCDD3oyJx/0W/LBRmfxoina7vXPxLMsJetEQMN40/tGdAD/TMttet0kvwiIgAiIgAiIgAhUTMA0KK6nnnrKPqAyuUNNMTD256keFbcCxaGCYuGMhi201QfMttFTfFinsMOH3n33XRMYg7xpyxhv+TVYC/7FaI8Wal9iaOWvi+ocTHnrrbfyL8qzp3kf423o3BfKMusxmWjbbfV9qVklDhs2LFVgCyvAvvFoythN4y4Zo5kNYskb1FMF6EkCabk9wa5CRUAEREAEREAE2kAA8x0aFDVxmzOPHj3Kvxjo8EQ1lakPT/WooGlRDs2dGCdhVFyAf/Ob34xukN65c6epi9HjWPjGWm3//v0mMCFt7YMdnhy6nB3YxZfCtzmarZ3bGcwtmQYH/0YTOB1bG9Aq6EtNLOKZZ55BbHp+dBd6tDoWViA2XHPspnESs0ZDxAF6ePBcLtugzveeKzi9BSstt7f8VboIiIAIiIAIiECzCRCJN7YC5onKzkncaJtdw1pKj3Jo7sQ4CZuLL8DZIJ1D2EsuucTuclGazz333Bz5BG9B/ejmeM5Y1bdLkXR7Owhg3ret5lQHX3pOTyyjXphwWQNiCY9B7MSJE4xj/LVN43z/0EMPlVFosXlKy43hmWy7L7YBlJsIiIAIiIAIiEArCaDcmidqyPe1lZXtbaUgbEsJzL9jQ84S28kCRMVebitvNJJ2cr2CUaBCOevM9t52iZaVznZx5zWA5mkbJdwIU3hlcVTmUUKh3b59O4OYKdL8ZdP4smXL+IyOXX9f+vpquU7VDLqCsFxawdl0nWz3hfchZSgCIiACIiACItB0AocPH46twmWXXdb0qjVI/hkzZpi0TzzxRFTsvXv3+tTFWVA//vhjn/QHDx70SZYjTXk55xBGt9STAKovFtcynIftUC50rmgEb/eg/epXv6onFidVfbXcoBe4E5dtFXY2XUmNWvPWkngiIAIiIAIiIAK1IoBBw05VxVpYK8H6TRim4xbcmAlk0Mpk3sg4M/uYnpyP8ebNm6MAUSdMoxg5cqT9Wsg5ybEatQuz7MrqtwZVfYMEMNsGnQWI+G3xyejt6ESFszItDINtdNv5kCFDrLj6n2BUXy3XNZiLLmBniFmMB+jfcssthTeqMhQBERABERABERABfwJ2PirXrFmz/O9SyjIIWHBjrrVr17r8r7nmGvvsWiqhaBdLLHg0rqVHoR0xYoSFp8J10xY1osly1ItoVaHDdYluhVGHrNDbY3ddepqacwijWxpBABd9duQ6L33/w5kLrN3o0aMLzK2MrBqg5broAnaG2J49eyzsO4qui3FXBhrlKQIiIAIiIAIiIAKdCKD24NFn2ggzk9BhMOJWPQHOCjJbiAXmsYvZo2mktBRt5KaOWGXZwbtgwYLQ8SrO4ZkQ2cT4IT0XH8aMGRMMUetOsiUZOoYzFNMrOLWFILQrVqzwJ4CXIrIhD2VxI8Gi7d477rgjmIkzNT/88MOWGPnLcFj1l1wpe0hg9uzZVvqmTZvKECNkQA7tPI8ezVWGDN3k2QAtN1Q91rT++q//2r7cvXt3N5XXvSIgAiIgAiIgAiKQicDEiRPNiw+1x6m427Zty5SJEpdEYO7cueSMOhq0bq1fv94puq75cLzEiIo+HDpehbm7WX35nhg/pOeyYD/4iLrzcvlA7Fk7wQgdFe3a9Yr58+e7Y6V8qmlxa+lLyENZbLY0kcjfFWf5YGq2ipC/JUZ+FxfapyylaRMBZ+cv6ayyAwcONBpX87RccH/1q1816E2n3+iuI+FbT4B15eh+DLZ/sKTts7up9XxUQREQgb4iMHDgwFB9UWxwKEUV2bdvX9CtdNiwYZZywIABfYWomso6P8lYvITGQWNEktdff93JQ+uwDEFL0V72Kxcf0BixVtm26uBFyGV2yQUT85lv8BENJuMtibaJSmw+hnbxGWWYshYuXOi+dKLGyozTIvlwl8nGXysu1jsAjT2Yks+K4F1Nx6thKW4yNmjQIE/xovO3WO9369KZFms8Bag0mbM+W6kJYdYr/skdLheN0s6Wa5OWkcVJxSDFLQxYbvwiAf/aUXWhy9KQD0c/2e5tLsYUS0aJ9k1sgHgyDEaY6FRExbhCxdWtNXtLQ6XnI5AwEvEExT5Z+QrSXSLQdAIacpvegt3Mhd5+++3WVF8VqZJA8myzSklUFgTqOYy7ThLrPOxUmOCUzJSU0NFZW7ZssQqG8uF7pzcFtR6nheFo0KDuEWrERtpybes/l1su5TOrDvh4sFk36HnCv7iRsGkhNF+3NP/0T/+EYcpt3jC/o4SLnQ9stCDDYPxnK4LvtS8imZ5+bSgBniwGPrsYDW1INQctbYwPtikbsTB9c9pZQxtaYouACGQl8Nprr7En87rrrst6o9KLgAiIQCYCR44csS3iduGQ71QYn6AAEyZMMG0WXQm1iBzY142zAH7vIY99k4odv5Ye93s2irtY4piCKZobywjsnAmIV+Ju1i9LVe472XIxwDqPDiyxTgbnOIRR15lknQ8JdwWlNTSWD6sdzN25nGW40+qa5UZBLJlY0fy13RR8z+y/VCCZMrcKZrpFiUUg1iMgtBxIGvq/dbDoT/3M0A1Z/Qyhb+uuIbc1Te/ZlJzycsUVV1ji4cOHt6b6qkiVBGTLrZJ2almez35qPsUmcJ2kk1KHbhLUhig91pYbnLwFs0KF6dQPUZ0sllvsVc8ZYKgRG2DL5Vxst3TBhkDWTW3V4f777w9ug+FMdltdcOcXs2XfmWdjT98lH1RTtmoQaYCLbRgJCwNkjns6vWH79u2UYkXzl7DPy5Yt4zM2YW1WTACon1pDgP7v4py3plKqiAiIgAj4EDD7LRcffNIrjQiIgAjkJsBpycGdmC4f27wdDQpAAtujG92py+TNdptbJmiwrM6///77qEtWRGjTOPu9OdcGY15wn6bZFPmS/eG5K1XdjfW35caySI5tHTXbhtJbntH1D2cEtgRBD3Vr41iDLYsolh6DcLFLOLlzM3ly3E7HDQF3D1KO3HRLowlYT4hdrnNbQUJeEo2ub5fCy5bbJcBG3557yG10rVspfEJTBu23wRelbLmt7AkVVEq23Aog+xehYdyfVW1ThhqxAbbc4LsEvRS/YnySg5Hrci8JXH/99bFnbcdmaNZgDLbRqLMEo7db3nvvvdzC1OTG06dPhyTB4o1J3PYeO7/8mkgrMXpF4OTJk1b0+eef72TA34HNHvQT94ywSZVvgj4OdCH7lV2sscKz04NfXWBJ2+xq/3KvHWxo21+DhwTi7uEiQvNTwimFltIy4bIjDaOb6oPlIr8rlxtDNUIwy429LlajYPV71UAqVwREoEACst8WCFNZOQLJgZcFSgREoFsC9bflxgY6jl1FQPtFBw6FWTZAsbbcTgbh2NU1H9AtsOVGt0NjrHPuDZ2s37Vd1JFg3RCwPh9ry7WtGtj5Xf5RLwD3yJAsaPK1e+lLUdlc+HQX0886pEUyjz6D1iHtYMPQFet24UzQocQhCREsudxQ+lhvIoqgpt3w170NImA9qkECS9ROBEJN2cl+GxxDZMtVdxKBFhDQMN6+RmyYLTdB1cSOxJySY7tDYZZ9tFP/NMme0mzu9c+qKSnxy4etKbrsTN64cWNTJJecJRHAmGmnC7I33hXBSZI8gCicblkK/dN0RdwBbO+6XXPnzrW+FHUNeP755y0NBx4Ghd+7dy/eBHxj+aPxupPcCBvIU4+eSVn2k+mcuF2EQkCzq58vLaWLUcfKFGIj4fTp06O4XLmoxxZi2h4E0jvLLf9i2XaKMf+69wTBAkpqAmUrAgkEzCEidOHjgBcDTgo6DsCz88h+6wlKyURABESgpgTaYct11lfmvsxEg9HGjHtRtlx3pm7NFzys1jmE7BTa2p2Z7kxwZlszo5ZtWm4KnBxY+vMW60XBk4SCh0XT9KGwfrGUnPnU/er6UvC8a/vVzLzBjuQ6pIUBjGbiOqH7yY0GofO0rTpRhwtnQA4eN9epXEpxYRhC1de+3IY+JhYq3zWrRSLw9yGyWucecsuAljzboILNOv+wDEQJeRo9Fz+5plM3iSUCIlAOgYoHHBVXLIHQu7glttzdu3dbxSxgsv9uW/9nxNmO/G9pU0oiV5sGggnO6nX06FH+YtQi1KRtWj516lSbqqy6GAFafOK/Xe6waB4HHPl8HjR8+UIk6UumUbijqi0Bpl1TgG+99dYofIojDKD73mXCN/yEx4H7iWTWV/fv3+++NB8Evo86XHCvPd3vvvtuarkkmDVrliVzB3erqzSXAIZNLJ+cB+ji8FskArp8cytlkgfXp1DaWYWx544KUt/oMfJNr2+x8nM0ZbEZKjcREAEREIGKCbREy3XUQtPuAqMlEaqKUpiFd4qaU3HLVV8cDm+xhTJnMiOYs2VVL5tKrIZAMHJ9ULHMWropivQcDiV399qTRRGxnv/R4q688kq7N/pTtK/u3LnTnt+oJyff2NpNUCt2UkUzDwbcylpxpa8bAVRca33st+bHzl93CnrdpM0kD29DVnzcRchGVoFRd51Lf0KQtkwFtTLxb37zm5deeim6SBdbWe3LLdYao9xEoCcEWjmU9XmlWqLlDhs2zBrShT8lLCqvcMyMRTXw7NmzbXLAKjg5O/2ZguycXmZLRZXVrHxQbi0EbjdqT7Oq3FfSBqNPsQHVensnAvZrMMxycP+qu4s09jRt3rzZfcm9fO4UIKoC5pdcckkFpaiI+hCwU9CRh07OZztrnb+cgu6iiNdH2kIkQenF98GevuXLl+uM9wSq1157bSZdt5AGUiYiIAIiIAJFEWiJlsuk2XwO8YHEKRHjDH9teu3iA3eJjHVxJgfmCUnOY8aMMaMQ3+DGiYdbl/nX//ZOoXQuu+yy+gsvCcsmgOcnyq09C86tPaFQU5V5YC0WDkZdTLt8uOGGG8oTNTZetFszXrJkSXlFK+caEli3bp1Jdeedd3YSj5VTO8uKLoqPQMIhWDWsYKxILEda3DieOEUTTG016bqpiJRABERABOpJoL5a7ujRow2ZO08smSC+WBgVTdflQvnk3/fff9/MuQSADd5uK9mhL12CTieYMTnYs2dPME6JFYQizZfr16+vZxsXIhVL/rZn0sVoKSRbZdIaArfccosptzx3wXODOvmxYy6zuu/YsYO/ZtTl+S3VI4CYya0Brop0T8DtxU0Ij2/Wzu3bt0+dOtXGwOih4t1LUnEOuCZZiS+88EK0aMzawSjNfDY/i9BlJ1TbRoPogdXRSM58Q2LussWC5AOrKwaSWpx03VRESiACIiACtSNQ2xjLPXHKb02h1s9yVKdTjGVnEndxaDulzFGobqknAetFyfbP0AASDZucEHnY1qTszFtbeIqGfk24PeEnW4sJSu7O1HVnCCUzT8g89jzt4L70erampIoScO/jBDjB2Mss39BXY7tQ7iG3jHbxeXLdinBQAGrnvg9NVqKHpRsZnpTYXQbR9Al+VbU6iT21KaP7dbUvt4xurDxFoGICqc9+xfKouBwEQo1YX1tu7dYD+lUgdiCz+m4u2cxFEvZk9ish1fszAlH/iAMHDnQCdM899/ATFuC1a9eau3LomNwCyV5zzTWWm1N3C8w8lJXOIy2PbQ9zfvnll3E0YOuKbd9t+mW7b7iCW3MtFhc/sZppB2XZMUssQvH9Qw89FK01m3vdMdShs6x5roPpBw8ezBuE3JyvB+sFTTyJXXbdpnd+yS8CItAnBKTl9klDZ64mB2mYRxk7kJ2Ki1t45ox0Q38QsEkzU14XNpkPTJoTtqxPnjzZ2HAXf5nv+hxNlA8nQXfM9IQ8rNTgYGn5oJEiJ3svmYLny9nd5WLg3X777eRPtosXL+4yT91eHwLBg6zqI1VuScaOHWv3Hj9+3D5YLC4UWtyzeUbsYeQvmwuWLVvGZ7TZaLQq1qfQXbmRGM4g4kZeE+aaEXKHXrVq1b59+8jN7UpgvYBCbejAQJq7Lj25UbpuT7CrUBEQARHwJyAt159Vy1Oyvk4No7Y423jM0j4TlKAS4ub0nhunW46v76v3xBNPwIApL9sXbX2ED+x7TIiZTHeyX82QG3tMboFc2TnvFF23iDNkyBDkZPpuMnRzobTb5N5OW7Vsu8lQ95ZNwNkzCzxzrmyZy8vfYnGhpkaN1c7J4le/+lVIABii1gZv4bk2lx+fKHQk63RGXXk1LTBn03V/+tOfFpinshIBERABESiEgLTcQjA2O5PXXnuNGF3XXXcd1WChPeQHT2jl2MNjmMdYylLDBTWbbMOltx16gwYN8qkH8XvwV2RBxDQ9Lj7zDQYcvnFfhrK6+eab7ZtOx+Taskvs7Qk/mcwhyZl8Mx1nvSYoJDmj+rK30AILuSsh807R6SwMu9t8yOzfLGC6akvANVYftpSdIM3lbNQWi4ulmeiZ0iwGWeL33nsv1JroqFEXDM9jZmvbMbIKdsUVV2S9RelFQAREQARKJ6DoUzk2N9f/Fus3qXIyKXevZ8XPSMWlBIUTcHGnMOoWnrkyFIFkAixtuAUUeqCFlaJPshTCIoVtH3XRp5Kz8hxyq2kREyY5blw0+pTPbGPLli2uCtEYb+6nTsHbbJcvNzoruivUM8pdBQBr1ZQV1FdFiIAIGAE9+y3oCaFGlC3X583ewjRmv+XiQwurpyo1hADHCJmr8LRp0xoissRsDwH8bFnpM0XXnbWO3ZJjn0O2/fbU+Q81YTu6uRNHT4ZDQU2Y6CQcuZSKCLfwESNGzJ8/H6Nxu/GmolACERABERCBEAGOmsOTqPsgKcFspeX2XTeTftt3TV7jCm/atAnpOrkr11hwidYSAmy4QN8j8razbdIbzdne9mLYjtNOLvcNpeCiH9tGleCVEBS9m8qiV7OoypIWJDGVB09j0hns3YDVvVkJEBrQTmxOODBi3LhxUb999000Bhsy8CVRDN1Z0Hzg39iUJrAdMc2EvlkHR2el3VfpadPYbkMYTkJRupiXUSZ29ji9rq9wRStrZ9F3HyTlcznLY7kFBvpoFayNQ98H/ZOj3Usey63sCXWulLPnyF25zs0k2XwIxA65PjeWkcaE6eQD7Py0UTjtuCC7TM/Hl9hTpEwey+6U6aDPsxWUkI+nJMUmq1VTFlu1Ps+N3h48tDnBST5Z2XBHYTmeLNx0Wgjjpyj2TgfakUk08z5vtSqr3+Wz73ZqdOo/dLmE49ajk/Yq616HsjptdckkW6gRZcvti6UT2W/7opmbVknclU1kuSs3rekkb1MJ4DbMRN8Wy4m5FQwcdf311/MlkzDcxsqr3rnnnhvMHBsvAQ7LK045i4AR4Gg3HOYTTraLgmIPOasz0SsUcZNnij0O5qfANN3SOz2Wn0Ih3Hm+li5daitK6MAkZunH1G8ymT59uk5cb3qnDfYcmpjOYIsgbNZgMTEa0t9a3/kTNb369ZLfqcgh9TeT6qzEdSPgWjPZfhvsi7Ll1q0RWy+PG9lbX1NVsPUEavUCNWGYMwUn6Ey8goasqAOFCwXHvUzWnU0Jvdcik4dsX5lsuc5xA6ksZxfly6RV9KnWPyM9rCCd37oZiiUqZWqXswQ8Pj4y24MQNcPy1Fg+PDsuH/eU8SAEPSlI4E7dQ1qfcpWmcAJdDuPOFBntObS1a9+QE03htWhuhmXYcj9zau2ydZuLtZWSW2vqeIOgGq/PIiACIlAqgZq8TZLraDtjY0VF/4xGP3a5daPlUlwnL02b/EnLrUnnaaUYzJ7NcGq1K1DLdcs3dO8oOmedcwqtU32jrvukMcG4q5WtUFKlXOR2o+cCK+Qorks9KEHLNWGcohvbW3II3LJbytBy5bFc6pynx5kfOXKkxxKoeBEQAREQgWoJxMZzYuqMTYlJ9vvvv98p7g6umHv27LHDfpzIqAfcyJfr168P1iP2VGpLEHvc9JIlSyjd5cxk1E5v4pB2bvE8l7takCqtJQRmzJiBY3xCuKnc9XT7bm644YZoJnPmzLEvDx06ZB8SAi6yfcC8LSz+uS4fAnh3E9vJIrdbery+8UufOHGiz+0Vp/nud7/rQvrLL70i+G4lwMpr2cJA31bHteZLL72EK7JPZ5LHct/2FlVcBESgSwJ6gXYJsD63qynr0xYlSWJNnBp9ysdj2VnnYkV1QdfcAV3mK9Gp6FRjYElAmputs5azQGCBnfjLkhzKZI5Kdfns+zSfc2kJGvNtdSPo2W4VIUO6SjCwGf/GeuJYGtsMQvUdFtK7gjB6m1ODVZPiEkKd2S4VVzR3uSPlQ2CDRXOXK5oPnZyGyCG44knmCGbiddkEzlPjM91WWm6OJ6H+t4Q6io+uKy23/s0qCUVABOpJoPt3cz3r1YdSqSlb3+gFarnmm9DJxxgtwspyWq7928lh1e0f9lGwW99MqRV07t9F7Xfo8tn30XLdtvDgyeSxMQ4Sjq+LRlUwyck8NoQVoGJ3o8TG9EbbTIiDFVVck4uOPUHDrQ3ZvXaZt1GXTRDVcuWxHITc2s/XXnvtb37zGx9dt7UIVDEREAEREAEREAER8COA16s7/tTOv40eeWp+p8FY5cG8Q9GYnZOqufRHr1GjRvmJplT/j8C6desMxJ133tmJCK1mZyMTZNtOMy41hnxqw3zlK1+xNKk7CjlL2faYuMOHWPsw/XP16tXRQM18/61vfQt3dzOiBgN9A4HjysnHTLv85GJ633fffSGZ8QA3n3mzG7uY4aZ1EzMcktFqWtEubLiZ003U0FMDf77kJ5fYLMDcnikEeirqf00gW25wucjCoFnb8Le5G8StdWNXwjrpurLlpi4cKoEIiIAIxBJIGHJFrFkE1JTNaq8c0loTJxgA/c1oqVkFE0QdmEPCpybIUdkW3+L0nIQ6ugjYLnHQiBq6sctn38eW64yNwe7nf2a4i3YWqoWrHSpMMHZ30GoaMqu6EAnB9M48HrXBOseE0JnqnYp2nTmkSTkNKxRjPHjacDedNtSIzbPlshi2YsWKcePG2RobazOLFy/+4IMPfNX6xHSsYbDGYGcJ8tfONGvZJbtuyxpU1REBERABERABESiKAGal4JZFO0zLNjQyRWTOmbWgrMHVOhl7s5ar9EbATjOmTdGsCEXWXCwXXHBBgvBYaFetWhX0LLj55pstvf0UvHfWrFn2rwuNxufvf//7/IUVgbJCBeGYYJuKeRxij/wNFX355ZfbI7N//36XFXbd2NPaSbBw4cJOcfi7aa+GabmQ5VxvLOwuBh240UVB+dxzz3UDgnvJwbK1NRIeBudA32XONbxdum4NG0UiiYAIiIAIiIAI9JYAukTQ2Zh/cXkl/LiZoZhzOt/jhJO3glUYO3Ys/w4dOtSzXnJd9gTln+zll1+mTdEAkxVF/wzzpXTuu1deeWW+HBLusm4WvFA17d/oT+eff340K1OC6O2xTvjXXHON3fKLX/widG80fxJghgwl2717t31z6aWXRksvY3GnSVouwwqe5bYMgMZvzuI4f9so4xz0c/eb119/nXsZxVhR4ANtPGXKFMsN7Rq7MV7ysa7wuUvs+Y3SdXveBBJABERABERABESg5gSYEzr/T2f+snl8p1NhQm6GTr86ffp0bGWPHTtWcwjNFc/pe72twscff+wvAP0HxwGcTNE+3BZx/9uzpnTdNfVklk4d2L/E0JZ1/xuzpmySlrtx40ZTcdFsOXmPLsvFUXscg4b1NatDSJSUNfD48eOjP505c4YvKd0+tOwyXfenP/1py+ql6oiACIiACIiACIhAIQS+/vWvWz7OJGX/djrh9vjx45Zg2LBhQQGCPpzB748ePWr/+lt9C6lXQzNxhvQG2Z9+/vOfG+3LLrssGTvupVQQxwGOAjbdp+yrlQpOk7TcXbt2WRvbIfLBC+tr9x7LZXegmud/xRVX1FxCiScCIiACIiACIiACPSHwj//4jyEVxfmdxipaBw8etPQjR460DxbyZ+/evbHyHzhwgO/xKOytV21P2OYo1B08s2zZshy3V38LNn8LL0wTJ9uWcWwmmjEpCT7M3slgoKbyxHb21dT4z6NHj+5SjMoWJpqk5Z46dcqwdnIO6RK6bhcBERABERABERABERCBKAGOqLAvna3VTfcxuEXTP/XUU3yJRc7pD5dccgnfYJqLPZTITlJhV6Tg+xCYPXu27ZSGG4flmD8mCgJGLzzJK9OjfES1ND/4wQ/MKnv//fcn3+WcBbZt28beyU5HVfkX7ZnSzOPbt2+PTf/MM8/Y91/96lc9Mwwlc89LMOSVS2OrPMVeTdJy3ZrZ2rVrPSmYU7sLyIxfOw7uIasvaczf3QYp/jr3dx4Shhv+5dg0KzF4flpRgZ0966JkIiACIiACIiACIiAC1RNg6mizROyxztaKBmKK1vLly0NzQs4FNU/muXPnOmlvuOEG+3z33XeHqnD77bfbNy4ubvV1bFaJtAI+nu5cVjQ0putDhgzBCupO3KlPjTgdxs5tQU70c0/BQvpt2aq79VXoIW1IQoo2Q3Sw/3vWwiWbMGGCfX7wwQdDBkvWKco4L7dJWq4L/02MZXCkWnSdU3twywSDFA8Aem/q7VkbT+lFQAREQAREQAREQARqRYD5HrZTd5lswS+DCiqRfjBvMMvfunWr3cJkEgOJeZCiUwUP9uQbc5fFRodzKZot6bmROer8+fOjKg1GXfOzZV7KRJScXf42xefXmsRJqlULdhIGnpAkHi3wLQ0NBENi05r93NYjEg5ALqOaeKq7zkZnwNiGbRnNxSR58cUXU22zbiO3s1HTRemThOAtQ2CXpzOPI60ZBV1/HjNmTGz/zyQPFXfHEbn8zfaOCl1KM7mzd03Qbo7ireBed2CxsQYWSw6x5bpDgCyZBWTmdncOMo9E6MaEc5nd6cZ8qKCa3RfRiNbsvprKQQREQATqQEBDbh1aoRAZ1JSFYKxVJiG9NDovZ/rnBE6YamOFC56j625xsZdDOcemZ4+lU8lC6REjuAOzVgz7QZgun32fbhbbvrHaR2wnMR0eOe3E05AGF/rSfrVKRX/qpNfQwzs9AnbmcKgndMqfZLH16tT/SewUt246W6gRm2TLRXQW2KBgjuOsnNlJubF23TvvvNM0YfwZXEBmbsfH3S2kKWBVpjUYJRaBYgmwwOl2B0Q/xD6erL6znOn2INiie3SDk5OT5U/GB5YJLX8+uJXRYuui3ERABERABOpJIPUczuAhHdgGOciDObeb6/OBfzGTcGRu7Akoq1atYmrK3NLdgoqCXhGbHnPWvn37rAiHy/Jngppq5asnYUkFgdiwydZ5MLahH3ZqX+t+oZNiSEwXcrouyg7/vv/++2bODXVp63ix/bzTTwMGDLBWcx/sX3o4pVBWqH9a6dH+n1B0bL2s/werRh2t83/lK18xxa3I7tQsW66TFiLBw7hDCwxuPSB2YYOFBCPIkBRcMJAtt5vlE90rAlkJBMfQ6KDGJCCUIS+J4FMfvIWl9GjpjBKdhkt+yiqt0otAAgHrjULUAgJqyhY0oqogAjkI6NnPAa1ut4QasWG2XDevxYDDMblO18Wuy/KG21nx3nvvWUq3lTc4IWYhwabXncKIFbmKoLxEQAQSCaCg2oaC0BV6eLHiTp8+3UJKuFvQhF3kCTZEBcshUgLbqBgZbBuVZW4bQrj4qewoDmp2ERABERABERABERCBXhFoqpZrvNB1cQgxgz7T2ccee8y+d2c9JZ85Vs05y71qWpUrAo0gMHz4cIJtRK+Q4xaR1U3FZW0L9zBLz9HZLsTiAw88EKyvi/RAAs7TtvRsXnB7+5tywl4jGlFCioAIiIAIiIAIiECtCDRbywUlU2GcuY2ps+WePHmyVpQljAiIQJcEfvKTn5ADS1qhswTZJWKRP1i0IpihGwrsyAd+Cm0j4XZbFyOgpQKtd9koul0EPAngasHGeDbSe6ZXMhEQAREQARHokkDjtVxTdEMb/MaOHRvSe2MxdQpz1yVT3S4CIlAsAbyLzZA7Z86caM7uBEK3VWHHjh2WzP0UvMtlEnsuebGSKzcR6AkBVnBQKaNB3YjcRvy26td3Tp8+DQf5T/WkM6hQERABEehPAm3Qcmk5s9u4y500tXfv3mi7YvK19Lzv+7PVVWsRaBYBp46OGjUqKrmz1u7cudN+dXtuY+Nhukx2797dLA6SVgQ8CfDIxKqUxI/FmX/EiBHal+5JUslEQAREQAQaSqAxWi6qKSvTsYeLsDJt9K+77jr7MHnyZItJE3vIkItAc/PNN2dtto8//jjrLUovAiLQJYGjR49aDiNHjozNKhRL2TYvdHLWCMXN71I23S4CdSYQjO7mToxHASaWW53FlmwiIAIiIAIi0CWBxmi5Z86c4cVMZFROvESt5YRMLpTeq6++2sLMMKN1QVnxYb7//vv5kltYtOZYTkvP1iBuZz8eP/HuJxqNJ76hQ4dayocffpi9f2QVqz975qZkIiACjgDPr/OrtPNvo4tZ5u7I1ekswfHjxweRmkNmp8SxBl61iAi0kkAwulvwxHi2ALh97K2suColAiIgAiLQ5wQao+UyMeV4W1qLdzPT4ol/uFB6zfcYFRfdNTipJaqqi0mzdOlSSz9//nx3EglhWv3bnljNtvUXd6+pU6eS1erVq48dO+afg1KKgAiECITOQOdXlqV4kHmu2U0Q3Dq4f/9+H3pu5wLPqU965+Hsk1hpRKAdBO644w6riNvH3o56qRYiIAIiIAIiECTQGC0XobHwcOIluqtzRMRNEdUXL6x9+/ZFDw1CjyU9CS688EKrMx/4ly9jVVybc0dn3nbv+vXrKdocI/kbjd2qjiUCIpCJwI9//GMeRnek+IkTJ7Zs2eKWk3DTyJSbPZiZbun0sGfKRIlFQAREQAREQAREQATqRqBJWi7s8DFGQUWntZkxJwah+oZOFgkiJj0JDh8+bOn5wL+dHJX5iTSxW3/JE0MxRVOilZvJFFy3Vpc8IlAHAjxTwYeRf6dMmcLBYE7RdR6VyQdfu7o4v2W3sJVcTReMvQ40JIMIVEzAhWm0cvGeYFMP71P29bhNBJ1iMpOMNKTnRrbw2L9ctqXIM4YzyVjMshvdQYAVQ1BxIhAkcPfdd0cjk+ubPiGgZ6F9BBqm5bavAVQjERCBEIE777zTvnEelewtdBPxWFwsYAW/Z6pts/bYxJpPq8v1M4FnnnmG6uP4QJjGIIfbb7+dTT1sGbB9PXZZTGZ00dDTdOrUKX5lwzwhKtjCY9EuuGxLUTR9LPCHHnrIdhngkOW5ktXPDae6i4AIiIAIZCIgLTcTLiUWAREoncCECROsjOi+2U4n3Nq8PDRR7rQ79/jx45Z/yJZVesVUgAj0lADrO8RiJKgEUuCOFArPRuw3dgOtWbPmnXfeMe8nHisLh8GjtHHjxqjsy5cvJzcU5kcffZTdByirtp+I9GvXrk2uK+qxScJdCQ5ZPQWmwvuUwMqVK91WGn3oHwJ92t1bXW1pua1uXlVOBBpIwMV1u/LKK038yy67zD4cPHgwWqHo6bjuxthDQV0mnc4laiAziSwC8QSCMczx5CcWI+lQSqOKpe0GmjdvngtCzrIRW3jM//+ll16KFkC4ONRadFrCPbL7wGI42/b4F154IaFJpOKqv4qACIiACJRNQFpu2YSVvwiIQDYCLlSys7U6dTR2qv38889bAc4Dc/To0faNyyoowVNPPcW/zN11pFC2hlHqthDwdyqmxub/H3vxEKHWBn0osA+b/pwQ51wqblv6keohAiIgArUmIC231s0j4USg3whgfcUNkloH9w0ydTbPSbTW0CGfpDfzFDGr3GybKFZmUCKr0C5c4uXY/Hvu3Ln9xlb17UMCmG2DDod4I9sZezxKOcKYhwCiAEdPpXa76GNpO5dpOSr3YW9UlUVABESgSgLScqukrbJEQAT+lQAGHwvfikskMVq5UF8x8owZMwY3SBKF9g0+8MADdicHVjNRtlv4MGnSJPue2XwQ7rJly/jXPCrRbF3+xNfhe2xQs2fPVmOIQL8RwH+BJ8seFpZ7QmcKWJhltN9gmOVYh4jc3NzZ1+eee27uTHSjCIiACIiACKQSkJabikgJREAESiFg4VtnzpxJjFYu1FeLRoMZNmrnYXbOlyYHxlu7hQ/osZY+5H7M9kKzWZEAzTaYPyruiy++GLVBlVJJZSoC9SPglng2bdrkpMMtYsSIETwsqLXBMMvFis/J87bR91vf+lbstvlii1NuIiACIiACZROww+RqGEdQWm7ZTa/8RUAEYgj8+Mc/RjXFDzl4ti1ex1iZ0H5jx0q+NH9Ldwsf+LdTemxWW7ZsoQjzXubCrkv+e/bs0Y5cdcp+JuCWeOxAIC6suLhFuDUjtFzn52znVxd1UTRrTORGWXPmzPE8Wbeo0pWPCIiACNSZAP41djpxwiIgfnB1UyntVeJeKPUhLC23Pm0hSUSgjwhYlBoGdI66dfNpItkQrDXh5Ezzt3S38IF/E9KzQZciTp48aUUQQpb8ZcXto36mqsYRcJvVBw0aZL9zRpftFPjZz37Gg1nq6bXOL4P1KQ7pVROJgAiIgAgYgaNHj9qHM2fOdGJisUVqqFLWsBGl5dawUSSSCIiACIiACJRF4LHHHrOsr7322lAZoe2y2FpZSypcDhRp21CwYcMGNucXnr8yFAEREAERSCZAFAZswglR9FsAUFpuCxpRVRABERABERCBGAJHjhyxUG124dpAcCnbAI8Dv9saMHToULv57rvvNk859FsST5gwoaQ9unhhIAAFsTk/FDhdDSkCIiACIlA2gdOnT1NESSN82cJ75i8t1xOUkomACIiACIhAwwig0FqoNrsI9mYxk9Ew2SDgKoOL8qJFi/gXXzjinLPAP2TIEBIzATKjaxkXAtieeUWiKgOv8hQBERCBPicgLbfPO4CqLwIiIAIi0DYCI0eOdEHXgnXjS+KxEfiNPeqhDepLlizhexdripTot2i5hCsnB7eD13Kzf0Nf2k8DBw7kb6j02C8RYNeuXaRkSzC+c21rA9VHBERABESgpwSk5fYUvwoXAREQAREQgaIJoEC6oGsuuhsf+BI/5E7nPfA99lVLT0oL7UawKP4NnazLv9EvrRJoxXZ7sE6xX5KAzE1OyiqagfITAREQgf4i4M48t0DNXARkJvZBKJr94MGD+YndIkbHJY7u0WWfC+8FS98ptzojlpZb59aRbCIgAiIgAiIgAiIgAiIgAiKQRCB45rlLxyYUtFnOQs9xPvmCBQvY50KMQIvAz9VNbj1pPGm5PcGuQkVABERABERABERABERABEQgTODgwYPBwIHBz7GwOB/OzjznVzabbNmy5Y033uCvBVbge351Z8iZB82jjz5qWTl/n2BE/cWLFxPWgR0lJHMnqJPhhRdeSG7Tp09vRJtJy01pJhY/Ug9obkRLS0gREAEREAEREAEREAEREIGaE5g/f34wcGDwc6zknA9nKi7hFdgAMmXKlMsvv5y/fF6zZo0puu4MudS6ow8vXbqUZJygvnDhQneCOhm++OKLfI/eG9rGkppnTxLUQsvlYAPnFB70DscXnIgUIW9yf0x2EhTe5G71wv9el9Kdy5xwQHOObHWLCIiACIiACIiACIiACIiACHRDAEXJzocjfGA07AJhEezYNn+9dOPGjaTHbItaGxKMYAqW27vvvtuNzNXcWwst1w42CF2sE+ALzmIG3uT5oi++9NJL5MnqxfHjx6uhqVJEQAREQAREQAREQAREQAREIDcB/I2DgQODn6N5Hjp0yL6cNWtWbInXX3+9KUSeu3N37txJehSxqA2Sb9idy6/79+/PXbvKbqyFlmu1ZW2ARnUXjuB2pAGtgq7LHuisUK677jpuwafcnXefNQelFwEREAEREAEREAEREAEREIF6Ejh27JgJdv755ydLWKBf6iWXXFJPGkGpaqTlcvIBTuTuwhGcIw1Qeu3YPWzxxMLOBNQdXeAcyjPdrsQiIAIiIAIiIAIiIAIiIAIiUFsCp0+fLkM2bI2d7Ml8zxHrZRRabJ410nJjK4bSa6fG8+vy5cu72WFbLDjlJgIiIAIiIAIiIAIiIAIiIAI9JDBq1Cgr3Rl1OwkzcuRIfzn37t3rn7ieKeuu5UKNjc73338/H3Bdtv3QukRABERABERABERABERABESgzwm4jZmvv/56LIqf/OQnfE80KdxmfViZNzJqV9ONiw3QcgE9e/Zsa5UXXnjBNY+FULZgYlu3br3ooov4l798tjQuxnKwRYN30Xhs9yUIs4Vi5rN/c3KQlO3JDoYsI8oZ35skXOPGjcPLOneMaJ+OqDQiIAIiIAIiIAIiIAIiIAL9SYCNmRbJiN2dnKwbgoDiQxwpvpw7d24sn6iecs0111jKRYsWNRppM7Rc1h4sbrXF9bLL3NBPnTqFnjl16lRrQv6+9957wQR2flTsXaxq0CEsAX/5TCk+8cco0Q6S4rRlF7MbDZlw0Hxvkpi0991330MPPdToLiLhRUAEREAEREAEREAEREAE6kngwQcfNME4WRejHQY/1F20Fc5qJYIv36PgOJOhpRw2bJh9uP3220nMLRjq7Bu2i5razGE3qDlOc0YfJpkZCOvJISRVM7RchEYjNdFD5la8xmfOnMnGXWIyE6qKs49Hjx6dit7uIhlqKndt2bLlxhtv5F90XfTS5NvpNO5eTlt2iVnw4HYkceG/33nnHfJPFUYJREAEREAEREAEREAEREAERCAHAfTSZ5991m7EaIfxD3UXbcXOakXFJaBvyF158uTJFvYIVZbE3GKH7tq1fv16p+jyq/moDhkyxJKFLIg5BK7mlsZouWPHjjUiocNvTbEkQhUxmWlj4ipHjzCOonTqKGoqd3ELuqs1Jx0iwce4k4prvYS/bCEmQyuRHcXkH9SEq2lUlSICIiACIiACIiACIiACItAgAs6+OmDAgE5im3ProEGDQgkwuuJMinXNEnChH6HaoP3u27cvuiOXb9CezMjHhTVx2bJlLk9+RTHmXhKYMuwyxKzovFbtexMmKlLPyTdGy00ghRqJPpkVJU3r1FG71x2m7I5XDuWZoOJa/+DvgQMHskqi9CIgAiIgAiIgAiIgAiIgAv1MAE3VDu9J0GtQWUkQjArkiLFBF53IEnCdPHkSTdXtrIyCpRTyscSHDx/GUhhKw70kIJ9ghpgVQ0e0WiaxIvW2NRuj5e7cudNIhVRTvklovwS40Q6UfJjyK6+8Euuo7IqwXd1YdHGCdxGwetu6Kl0EREAEREAEREAEREAEREAE+o1AY7Tcnkcq3r9/v3UOZ7gP9RXWNiwWGT7PuK2zM5tt3P5Bm/ut56m+IiACIiACIiACIiACIiACIlAGgWZouai4Fl3Zts725CJ8mTmvE0W5k1F+yZIluKqj66IJs/WXlDjH19CC3xOAKlQEREAEREAEREAEREAEREAEKiDwmZZ79tlnU94nn3xSQalZi1i7dq3dct1112W9t8D0P/7xj23zLUG0Ox04hKs6ui4u7OzYNl030zG8hUhrjWgNqksEREAERKBsAnV+gZZd9zblr7dnm1pTdRGBTAQ0jGfCVcPE0QH8My136NChSPzhhx/WTW6cfpcvX45UKI0zZszooXgEHHvxxRdNd50+fXqyEzW7hV9++WWkJXEoLnTZVbBGtAbVJQIiIAIiUDaB2r5Ay654y/LX27NlDarqiIA/AQ3j/qzqmTI6gIe13Ir1sVRMmEzxE7ZzmYhwHQ2EnZpDsQnscCDyxDP5lltuSc68V3qmNWKvSi8WuHITAREQgfoTsPG2bi/Q+nOrm4R6e9atRSSPCFRGQMN4ZahLKig6gH+m5Z533nmU2kNbLqbRNwPXk08+iTl0zJgxtiOXA6CiEa5LwpScLVK5KFPEl7LEaOMXXXTRihUrnCez6ef8hO135MiRVYpqjWgNqksEREAERKBsAj1/gZZdwT7JX2/PPmloVVMEogQ0jDe9V0QH8BrZctFmJwau+fPncyqPaYnscTULak0udt5aHCwXierMmTNYd++77z7U8rP+cDn9HMkrNkFrNbom/URiiIAI9AkBGQHa0dB6e7ajHVULEchBQMN4Dmi1uiXJlmtxlfbs2VO9xLGRk4lOjC0U/fb999+PPRF34MCBpgN3Ejg2QcJdAwYMsKzch+Dn4Jd8v379eiTkA7GX+cspvoiKwIaRiw/Yn9955518x/l20wrWiE6SbrLSvSIgAiIgAqkEbLz9xS9+kZpSCepMQG/POreOZBOBUgloGC8VbwWZ2ys4qP6c9fvf/94KRpn8kz/5k0GDBtkmWF3NJYDmf+rUqf/5P/8nDdrcWkhyERABEWgKAb1Am9JSyXLq7dmOdsxdi7vvvvvxxx9fuXLlXXfdlTsT3dhQAhrGG9pwTmx02NOnTwfVn888lkeMGDF27Fi0o1dffbXp9exn+Wk+GpGmlIrbz91AdRcBEaiSgF6gVdIuqSy9PUsCq2xFoBEENIw3opk6Cblt2zZU3JD685mWy23Tpk3j7+bNmxtdzz4X3ppv6tSpfc5B1RcBERCBKgnoBVol7TLK0tuzDKrKUwQaREDDeIMaKyTqli1bourP57RcU42ef/753/3ud82tZz9LTsPRfG7Bop9RqO4iIAIiUCUBvUCrpF14WXp7Fo5UGYpA4whoGG9ck5nAnQbwz2m548ePv+qqq/75n/+Zk2kbWs8+F5uGo/loRJqyz1Go+iIgAiJQJQG9QKukXXhZensWjlQZikDjCGgYb1yTmcCdBvDPok9Zutdee23SpElf+MIXjhw5cv755ze0tv0p9rFjx4YPH/4v//Ivu3btuuKKK/oTgmotAiIgAr0ioBdor8h3Wa7enl0CbM3tij7VmqbMXREN47nR9erGhAH8c7Zc5EM7mjlzJpoSJ8H2SlyVm48ATUbD0XxScfMB1F0iIAIi0A0BvUC7odfDe/X27CF8FS0CtSKgYbxWzeEjTMIAHtZyyW7RokX8Xb169caNG31yV5o6EHjhhRdoMtd8dRBJMoiACIhAvxHQC7RxLa63Z+OaTAKLQKkENIyXirfYzJMH8Bgtd/To0Y888ghC/Jf/8l8OHDhQrDTKrQwCNNOtt95KzjQczVdGEcpTBERABEQglYBeoKmIapVAb89aNYeEEYE6ENAwXodW8JEhdQCP0XLJd/Hixd/+9rf/7//9v+hOHL7qU5LS9IoADUQz0Vg0GQ3XKzFUrgiIgAiIgF6gDeoDens2qLEkqghUSUB6UJW085XlM4DHa7mU97d/+7d//ud/fvDgwa9+9atSdPM1QAV30TQ0EM1EY9FkFZSoIkRABERABJIJ6AVa/x6it2f920gSikAPCWgY7yH81KI9B/COWi4FPP3004RZ/t//+39ffvnlcl1OJV59AhqFpqGB/uN//I80VvUCqEQREAEREIFYAnqB1rlj6O1Z59aRbCJQEwIaxmvSECEx/AfwJC132LBhP//5z82i+/Wvf50NvvWsbX9KRWwwGsWsuG+++SaN1Z8cVGsREAERqCEBvUBr2Cgmkt6etW0aCSYCtSKgYbxWzZFjAE/ScsmOBubkKNuje8MNNyxYsIBTiWpY574SiSagIa6//nrbi0sDScXtqw6gyoqACDSCgF6gdWsmvT3r1iKSRwRqTkDDeH0aKMcAnqLlWt3wTbeoy5xVM3z48P/v//v/fve739Wn2v0jCdiBTxPYoUE0ivbi9k/rq6YiIAJNJKAXaB1aTW/POrSCZBCBhhJozTCOYWzTpk2Na4X8A/jvva9333135syZhubLX/7yHXfcsW3bNu+7lbArAqAGONiNPw1Bc3SVo24WAREQARGoioBeoFWRDpejt2evyDex3Lvuuosp1sqVK5sovGQum0ALhvErrrhizJgxZYMqMP8uB/CzECWTTs8ywLJly7Zv3253DRo0aNq0aRMmTBg6dOh5551nf88555xMeSpxkMAnn3zy4YcfHj9+3P7u2bNn8+bNLsz1VVdd9cADD9BNBU0EREAERKBZBPQCLbW99PYsFW8/ZH733Xc//vjjaLmm7uoSgSiB5g7jSD5p0iRq9NJLL1177bV1a9zUAXzRokWEIsokdmYt13Lfu3cvqteWLVsUezkT7tyJx44dy2rC1KlTx48fnzsT3SgCIiACItBzAnqBVtkEentWSbvpZUnLbXoLVia/hvFqUHc5gOfUcl3d/uEf/gFd99e//rWzPfLh008/rabyrSzl7LPPxiTubOMXXngh+u2IESNaWVlVSgREQAT6loBeoMU2vd6exfLsw9yk5fZho3dZZQ3jXQJ0t5cxgHer5RZVN+UjAiIgAiIgAiIgAiIgAr0iIC23V+RVbtkE8FXGY9mVwu7ct99+u+xCe56/V4zlnktZoABn/eEqMENlJQIiIAIiIAKtJ6C3Z+ubWBUUARFoJQH026CKSx3feeedJgZbzto6faflZgWk9CIgAiIgAiIgAiIgAiIgAiLQRAJ//dd/HRU79ssm1i5BZmm5LWtQVUcEREAEREAEREAEREAEREAE/ihqyDUo/WDOlZab8gCMGzfO3LRyXAsWLNDjJQIiIAIiIAIiIAIiIAIiIALVE0iw2bbenNtULfe3v/3tk08+efXVV5vyOXjw4JtuuunNN98svPe89dZbufNcvXp17nt1owiIgAiIgAiIgAiIgAiIQH8SQNMJ2dhM33nuuec8gXQy5NrtrTfnNlLLRcVFv50/f/6rr75q7fTRRx9t2LBh4sSJnq3un+yLX/yif2KlFAEREAEREAEREAEREAEREIEuCZw+fTqUg+k7M2fOxNX0l7/8ZWr+qdba1ASpRdQ5QSO1XFRcM7HeeOONHNX7+9//nr9r1qwpQyM9efIk+Ucva9Q33ngj9le+r3OrSzYREAEREAEREAEREAEREIH6E3DqBtZXdB8ERg+aM2cOZr8E4ZMNuXZju825zdNyMdObivuNb3yDzxdccAGf+Ttv3jw00vr3VEkoAiIgAiIgAiIgAiIgAiIgApkIXHzxxeg+TtHduHFjwu2edlrPZJnkrEni5mm569atM3Z33nlnJ4iEfcKRHc/1rVu3XnTRRXzGtb0mxCWGCIiACIiACIiACIiACIiACOQgsHTpUrvrqaeesg+ovhalCDdmC1p05ZVXhs7I7VRQi825zdNy3V7cKVOmdGqwDz74gJ+2b98+depUnJn5HHVtz9GrdIsIiIAIiIAIiIAIiIAIiIAI9IoAHqwXXnghpbsQuUePHuVfdu1OmjTJFCWfXbtO/raac5un5fp3KRqbnbosUZw4cWLGjBn+N/qk/NrXvkayV155JTbxwYMH+b6MfcI+simNCIiACIiACIiACIhAGQS6OWMSN8MyRFKe/UYAT9XYKqP7PPvss2+//fYf//EfD49cdkv0+1OnTnkafpvFuc1aLi3x8ssv48L+pS99ybbvFngxxpEbZwXF7vz+3ve+x6/jx48vsERlJQIiIAIiIAIiIAIi0FsC3ZwxSYDc3gqv0ttN4NFHH2UlZcyYMf/0T//0m8hldY9+zzdXXHFF+8i0XMu9/PLLS2qzm2++mZxZMsH93Ryk7ULppXuZm/R1111XUunKVgREQAREQAREQAREoHoC5iyqSwR6SODw4cOxpV922WU9lKpuRTdPy3WDSyaP88K5oz8T5JlsWdJDJEy7qLtcQ4YMsYU63JULd5MuvBbKUAREQAREQATKI8AqMNEfWfzl/WjBIO1duXjxYsJDlleuchaB8gigYMSeIsmX7iDJaAKdMVlei/RbzoyrZk4zTURXJwLN03ItfDbXsmXLetuu69evt925puuy29tFxuIbnKXxlO6thCpdBERABERABHpCgHkY2iyrwPPnz2fxl/ejTcvsXUmMUMJDovfqBISetI4KFQERaC6BRYsWmfCzZs1qbi0qkLx5Wu7s2bMtqhNvTU4MMm9h/IQJos37skoDL0rstm3b8IAPRZliZYWQV+U5S1fQLVSECIiACIiACOQmwBuZVeDgym9sVui96MA4Q8VGuMhdum4UAREQgVYSQM3BNcacRhljFcwsuZWbp+USR2rXrl2mWBL8iXViPKDwE545c6atE1d5oeguXLjw5MmTqLX4onAhA6ovIa+qFENliYAIiIAIiEBNCLz55pu8kYlbYfIwFWM5eMuWLfaW5CIEKLYIt/8IZyisvlJ0a9J8EqMbAp2O3ugmT90rAhMnTkTZ4SKslFNxUTdEpm1aLvVBh+SlyDvSOQyj9OLJzLvT1EuLqFzlQT6Ui/GWq/BgzurBIiACIiACItAgAs6Jjnc07+V9+/axHMwR9/aW5ML+sGTJEjY3ou7am5p3+kMPPdSgOkpUEYgSwM6G9cW+j7oW2hmTukTAn8DAgQNDiVkcRN9h5GRcDe6LHDZsmKUcMGCAf/6tT3kW++NbX8lgBVkI4d9+q3VfNbEqKwIiIAIiUDgBz7cnvsoYcikdFRdTQ2p8CpSBSZMmmeEXZyitFBfecMrQn8Ddd9/9+OOPr1y58q677vK/y1Kyw/yBBx5wLgy33XbbqlWrgpngsIAPP5vaZILLylbpiyLgOYwXVVzP82mex3LPkUkAERABERABERCBWAKbNm2y71EVUlVckuEJRbBGu2Xt2rWiKgLNIkB0mBUrVgwePJgd5qbiWmQgjLoushre+MSRsW3ql1xySbMqKGlFoLkEZMv1ajtGqI0bN7If+NSpUwk3DBo0iGVsrxyVSAREQAREQASaQ8DTCEAYSEyyGHJxqPOvHAGocFqWmcufmFKWQSCTLZf53rp160Ih1nAltXOz3Pc8C/RtJ60cFspoOOXpScBzGPfMrf7JpOWmtxEDGYtwzgsl+Qb5QqcDVQoREAEREIGmEfCcHlkyzFnsvPWvIsfncrYQ6fUO9YemlIUT8NRy6a6YakPTQtZoiLJm0WGCfvhBIU0HLlxsZSgCngQ8h3HP3OqfTB7LKW3EUBWMFZmcusp4V/XvW5JQBERABESgPwlEg6Ykc8iavj+pqtY1IcCKjFNxmfixphM6XwNdF+8/9F4nMEGDCDMuFbcmLSgx+oSAtNyUhl62bJmlsBjOLDMnXBwp1Cf9RtUUAREQAREQAREQgb4lgBKLbZaJH24L0ahpKLpEmWLGyNTxxIkTRBQnzHjfslLFRaAnBKTlpmDfvn27qbj4LXP+QU8aSYWKgAiIgAiIQCMImP1q586dmaS19EHbV6bblVgEqiSwZs0aM9762GaZOvqEYatSfpUlAn1CQFpuSkObU8qtt97aJx1C1RQBERABERCB3AQshCyhd4ja6JkJKRV+1pOVktWBwLx583TkVR0aQjKIQDIBabkpPcS22p577rnqSSIgAiIgAiIgAskEZs+ebQn8jwX6wQ9+YLfccMMNwisCIiACIiAChRCQlpuC0dxRnnnmmUJwKxMREAEREAERaDEBbFzs8aGC9913H0eJptaUEI8WXZm7LD6tLhFoCgF6OIficm4QB2gRvZaLM7GYN7LHzd+XoSmVlZwi0DgC0nJTmgy/FFIQMp43ceNaVwKLgAiIgAiIQMUEfvzjH992221ssv3Vr36VWvSZM2c4f4WLu1ITK4EI1IfAihUriJw8f/58/O3ZpmuCcTTuhg0bOJtjxIgRW7durY+0kkQE+pCAzstNb3QGMtakcV0mLrxWmtN5KYUIiIAIiEDrCPTbQYuta0BVKJ2A53m5ZGQzw9QcdUBuKiIlqJJAvw3j0nJTehe+KKdPn16+fDlhqFB0x48fn3DDoEGDcFOpsr+qLBEQAREQARGogEDu6dGbb75p4g0dOlQxeypoKRWRm4CnloujMlZcSmFauGrVqsmTJxNF2R4Qzg2in2/cuNHNG7HuqtvnbhHdWCyB3MN4sWJUlltNtVzTLQli4RN+nTfo7t27R48e7XMWWdYGtvT+F2ej+SdWShEQAREQARFoBIGsb0/WfL///e8zxQ/WDq2AXYs333yzTuZrRKP3m5CeWu7ixYttM/k777zjXPyclmt9m21uY8aM4cOiRYs4ULffSKq+9SSQdRivZy38parpvlz2OeAKcujQIc+akHjq1KllbJ21GMueV6bEnnkqmQiIgAiIgAhkIoCtifXfXsW/oVzi8bA1MaTiUgW8oohzMXHiRPSETDVSYhGoD4Ht27cjDJvPE3ax8RP6LckssS4RaAoBvPEZwFPPgkbn4i3jXHXqWbuaarmZYLFsZkfJ++yRyJQziU+ePIl51vMicdb8lV4EREAEREAEiiWAOyWaJPFvmK8Um7NPbrfccoudf8uFJLyg0QcsHpVbC8YU1hPZfORXGhFIJmDLN9OmTUtOds0115AgutYjvCIQIoAHK+Nhpj2PtpRZOEmyRZliAD916lSnzCmXoOK4KvCW4Ro8eHBtB/M2aLk0w4MPPshfWiVTFym8cyhDERABERABEagJAQynzFc42qSMyVCnOvIWNhUX/ZY9iocPH962bRt7F7n4wFow8XhM1/U8aqgmMCWGCIQInHvuuWIiAoUQMA9W/F8WLFjgmeHXvva1Mpxi2FJuAphiFb2IHE65Lqg4CexFU0/3nJZouc6cS//olY+WZ79UMhEQAREQARGogIB5OWFKYlJS2ctx06ZNFIoeu2fPntjNtzjCcWCBKbpr166tgIOKEIGeEDh48KA9Cz0pXYU2kQAbOjwV3fvvv58K4hTjcyy5P4qdO3eSmDXK2NEbDetb3/qW5UbHxkPHTkc3SapcTvWsUa213GeeeQYjuOdFfGPqzIrCQw895Fl5JRMBERABERCBthJgMZ7oOKbrMnnCgbkCdye3ZTEheCRbFpkeIZW2LLa175VRLxwjiZ3jGYEFF1AS48hQhiQWYPnYsWMJmaMPfO973yPBVVddVYYMyrOtBDwVXQL02gLKjh07CkSxd+/ehE6LhoWeRQIsye+//z4eOrxTeMuYJGhtBUpSSFY1jbGcNbJxiEVCoOOs4cUYTzmz3pP1gAEDdKCuJyslEwEREAERKIlAKNwrM/4HHnjAZicovUxNchxt4vn2DBXdqYKs+mNh5lcdTFBSH2hftp5dyyqOksmyDn3+0UcfXbhwoScNzxjL+CNs2LAhFDw5KB5enQ8//LDtyMVvXxHFPfn3bTLrPPQoFv6s27AOyECdDMT6IUM6m0E80aUO45Yg9qnhmRoyZIgVhMdy8CViUcdRffft2+cpSTXJam3LrQZBcilud7XtsU6+LGq8LhEQAREQARGoD4F58+ax7m7mUzbNYonCSUq7e+rTQJKkcAK4EphLJ+fWFuvSSZ6TJk3iLwpGVGxmiegJnPrhdBWpuIU3blszHDhwIPoquiIV9LHojh071ob0aoC4DSa8SkLrpLUNtFZrWy4chw8fnrXx6CW80TvdlbqMEboxq1VZy9JZ20vpRUAEREAEiiXQyeqFBXXWrFkWOARdd926df5TcM+3J26lGNAIMZV8EAV+boRaQQy9NItt+hbnlsmWCwdnzmXroKevvqctF7XZnJaj5+UG+WcyI7e44VS1VAJBC6qdxOZj0WWx0g6X8R9FU4dxG8BjLcn2E8WFDLl8U1vfnFpruWW4eaQ2cKgv4uh1+vTpTh30wIEDtpjH0svKlSvlsZz6JCuBCIiACIhA2QSS9QHmRhi4bL6CAvDjH/84YQ+tE9Xz7enpRMc0DhNEJl+7sqEp/5oTyKrlUh2nBmzZsmXKlCmpFfTUck2FZl9ucJMaTpv79+/nJ8LEYOydPHlyjn0BqRIqQSsJhPyEg4ou+gWKRmxfssG2WC3XRmb22YbORnWPUuyaEboSYaKjd/W+sTxPgq04mXFByy28XMu5wGwZOm3XNSsfBWarrERABERABEQgH4HUdyiL8RaVigurlE8pnm9PrLiWMuGdaL7TXBi7fIrOnYZqMpGgFDa8Ud/Qxfdr1qwhwYkTJ3IXoRsrI9DNjNmzk991112UgtGiskqpIBFwltjgeMigZK7LXGgZjFQhUAxc9ivJ/BmmDuMUFB3AXVn8FKua2dsEBdhfkmpSypbbzbD5r/cSocp25Mo7pQCaykIEREAERCAjgZDbkbmxpe76eeGFF8wvzsfhzdOWS25mDeADqgXzHtuyZdfu3bt/8pOfmMs0Uzd2C/uYkTPC+CNi/2zevJk4LsFDHZMzYaZILNwbbrhBISSz0q4sfdYdZCHBfDq5vy23slqnFoT79PHjx3mycDw0Y3LwuvLKK9nHN2rUqJEjR5bxrKWKpwQ+BGJjPmHRvf322932bxtO//N//s8c1Mz4xsZdyzkUBS25uNRh3Pn5uwGcUdTJEGvIZbxlIzrpUzeq+KAoOE01ynTWUlgVoDkhm/XG1PSGLzVZ1gS2Ms07O+uNSi8CIiACIiACXRLocmbgU7r/2zNohUgQDE8on3L90zBnYMLX5fGkzD1YsC5j+uFfEaWMJdBNJ/ecnuW25WLgsoudutU0H48PM0/bHux5sZTDA1KZhNVwaEcp1oKxvi18mdC+dOxMrig+w3jQchssulNZ1gkzmZQra7Xi9b3KRM9XkE8D58jZ9cIc9+oWERABERABEeiGgOc0NzaZpzNnprcnEy/nlhwtlIXsYqfaTMucA7YrjjkZXzq3ZNI43dU8mbkwPpCAZFHdGPnL2DbVTSv3+b3WsqU2SiYtl06Oe6dzKw32c0xeJcmppZxWPgUJWi71pS/FLmcwamUdSD2H8WiJDJKd1v5sOM2kbFfWiDX1WO7mhZ18b6qxPl/RnDyO3xe98PDhw/ly0F0iIAIiIAIikI9A6Gh3O4qWKTieiqkZesZNzPH2xPltx44dR48e3blzJ2IQQIVzE5gtFe4V7IJ/mklhzpw5l156adZS8PxE2l27dgVPiGE2lgpQCaohkCP6VFbB/D2WeeLoZubw3+nyD+3mIydhbB955JHQsTHoOePHj3duyeQzdOhQi1Rknsx8IEqWPYN79+61mHPuYinn5ptv9g+07iOn0uQgkHBKrcuNOOGvv/66OxbrkksumT17dtYIZ5mGcTr5oUOHEAB396zDaQ4IZdzSJC039BY37lm3GWRqYH/itidq9OjRPkH8/LMNpdTui9zodKMIiIAI9A+BMvSBkt6ehTQKsrHK/J3vfKeQwLYo5xs3bvze975ntotCJFQm3RMoo1eHpPLUcukhEyZMcLu+6XsXXXQRqqbtjMXa4X7yP8QolY+WclIRNTcB0ZJPnTp15513lqpEwKfOw3gpzVeZ1ThfQeabkbDxgHUsBhGcjjxt5QYxnzC9uku7L3pFXuWKgAiIQBMJ2JuuWJ/JOr89s7rtebZpSdl6lq5kIQJl9OpQEZ4eyy4OLY4DsU8ZXzpPZiaohTQl1WcyTNGFbBo3d2ubXRcinjJpBIE6D+NlAKy1LZfDx5YuXeqp3KPu/uxnP0tdBelmGYPVO2z3BLIzkSxsXXmeHlhu165dSxS1kIeJJxBLxhA2d+7cGTNmZPVqyFSKEouACIiACNSHgDn+FPt66ubtWR8ykqS5BHDZxfkWq1d5VfC05VoUceZXe/bs6eRR6Oy9RZlz8Wcsw2u0pGzLayPl3A0Bn2GcrvuDH/yAjRusp5gSsXDhwmCh5lpb7Pulm0ol3FtfLXfBggUuTDYVsL0H0ZqEthmkhrH2aeBoKbTosmXLgnt1XBoEu//++3GOz+o7ndAq2n1RUndXtiIgAiIgAvkIeL49Q2caJZfFYvG8efPyyaO7RKBwAp5arj0L2EKTey8bKWfOnMks8eTJk4WLqgxbT6CQfZohSqnDOCouizihDefs3161apXLypznM51glK+xut+nWVMt1x2+ZDpksikSCmyhseMBSU/bJNgtUxs42hKMU6jcyQZVVjtefPHFopbZtPsi3/Ogu0RABERABFzMpwMHDrDXKwiEgCXDhg3LEZmJTDzfnlkPNa1y46uLx0N1PGNuqTv1FYFMWi5uycnmLCwWFgeumk5u3TtHwJq+auKaV9a8OM2OGisqag4ne1977bXEIMhhXUsdxlesWGH6FBeRAl20M/ZOOm9ZW74hAUKW4Sha5IHnZbhBd58nDh6msvrviiGltQqrCwkCWBp/CWlCd8AAH1jP4NQBhjbamw/8635lD4bn3uDU0pFQuy9SKSmBCIiACIhAkAAvrITze4JzJjsVNhM9z7dnpkmk5ymmmeQMJeZ9nXCsqAvt0U0Rurd6Aky37BQopovMxYMXk0CsrP6zx6DwnvtybeKXeuAzCTyfmkIAWlnIlvXRLqR0ZdI9Abqu//hJQ6f2wKhIqR3S9pPzgjCNxpyW+YYHLZibfZmscGUFUsYpWRn0vazidpPeRpCs+Kx/JB9MnNrAIbFdn+M1GavEBk8FZGDtptbu3nyjc2rRJWWbWq4SiIAIiIAIlE2AET566GvynCnT4qzn2xMx7CjaTpfNojIVnQ8db+foIbqdgICuqChB+aTVXZ4ESl3K8dRyzRLDtDBZZltyohN6Vq3LZMG+3SksVpdF6PbyCIQWKO247+gVGuSzjlqpw7glCGbL5+hdrKQU2LfLO/C8plquAc0aH5L0nu3n303tfZw6SNmrNDWZf7lKKQIiIAIiIAKeBNDoQm5HrLrG6pl8H/RC8n9tpb5e/UX1fLF6ZtgpmQtya5JjfLApo1kh+JXPoTSpekuXIun2LgmUvZTjqeW6eX+C8cA5GGbVQ3Ijsn4eXNnpZJ7JXYRuLImAM/ubKT45jDa/mpLJRfpMMbdTh/Go/uV8p4MF+Shc/qyCqjtjcj5fDMTjRluB+uzyF6LKlPXRck2S1EGqYr+UKttCZYmACIiACNScQKrbUUh+tGI3G0h9wdm9qdMjf0SUbqqmZ9H+ObuUTg+hoNBZgzZpY15l/lnm++oOLJS3Zw7a1dxSwVKOp5ZLfZNdEtxmt2TvwmK5uZkzCrbTdeWkUCzkknIrb59mSODUYdxGwpAvdFQpK1bLtVXIMk7Jqqkt1yhndQB2J5gl9MLUBo7tEKlW5WLbu6SnSNmKgAiIgAi0kkA+66jdFdpw1YlP1rdnMmd7X/tbkrO2ms3y3e6y0O02pwzOMdCgnF03k20kq2BKn5tABUs5/lqu2dO4Ou1lo3dxFRWuxQdaSBWhdGci43FQr/Zh2Ks05e3TzKrlmuN0yKslquXGujHnplfShsr/50+RW6ZSbzTKbqnVpyy3Npz81sz6nvZcb7b2riCQhg8KpREBERABEegrAp5uRyEmmd5cWd+eyfzLXho2aTutlcfq2M5UmDUmSF/1tB5WtoKlHH8tt4ccktehglaZYOAYHodOOnkN69JvIkXVSB8COUbR1GHc+ScHO1JIPKdwVemq4AMkmubfmeh1u26++WZE4vCeCRMmEFE6VTzCtXO+k7XNddddl5rePwEBu0m8bt265FssgSUu4+JsIcJ/c3aWT+YcV0jicePG+SRWGhEQAREQgXYQOP/88zNVxNInn5OXKUP/xMeOHfNPnDvlqFGjYu+1790hGZaGYzlshX3//v25S9SN5RGwMzxnzZqVqYh77rmH9Nu3b890VzsS06U55hR1xQw2nBDDpJoJcztqp1qUQYCTgWz185vf/CanCtllBT3zzDP2L73IFK7rr7++DBmKzDOfclzBXcGA2hbr35xDQhffu+00cEldVzB2/vK7lZKEgN3OcJ/q2OxfbqyPgWf+bkFa+4tyA9eNIiACItAgAvZqy3qwRKaIElnfngn03OkUvL5LgmzSdnppdrKBZAJSkuTK1t9W6cMqk70rqy3XAt64kGY2C2VeGtoK7iNn92mS+zwTQufAjIRVulJ3X7XW51DePs1YbSKBp3+g/kz+tr1qwQz6XvUiZjo5ygaX1Oc2x3vabQqP3dXgwuiVGpsxefCKNo2FX8sae636JlaJIiACIiAC3ROwbaieO2xdcWa69FQ1Pd+eyScJhSI8l7cUa96tnXyPO20qy6QRdd9qyiETgQqWcjJpuS7ObazpKd9xppmAxCowCeYQJrEuKpXnU9+NPLrXn0B5+zSzarmedtSyd3qbsk0v9d+yC0OkCqU/i/p7VqknyfCswES+evXq5NJ5n+GUctNNN6UKiSuv2XJTUwYTmIPH5ZdfHnuXORJffPHFmfLMlNjEZvDqJEMot9/+9rcjRozAD41Jz3PPPZepLCUWAREQARFoFgE2qsyfPx+ZUSPnzZvnIzyvhpkzZ5KSyQFujam3eL49LZnPxYt727ZtOFX6JM6aZvHixUuXLmWqtGvXrujbmS1OuCsjwL59+0Lv+okTJ+aYJGQVT+lzELBWyzqrWbBgAXNIpsuHDx9OLfTuu+9+/PHHV65caepuwoXfJg7AqRmynuIzNU3NJzYBT/3p06fdTyYPj/Pw4cMTMnzhhRfM9zvrTDifkLrLhwBaho08dNQnnnhiypQpyXeRnr5q7eg/5pM4dRhHozlz5kxy6SNHjixp3HbluvdIpzE8KqGND6Enve5arqsGLco2nqNHjwYrNnDgQHbXDB06FD9yn27k08Ce+VScLKuWi3huCMYFK/WBqbg6Kk4EREAERKBAAqxsur1SKG9z5sy59NJLY9demcQcOnSIWBJuVyqL3z6rtKnTI6uOp5bLXPy73/1ueVOlDz74wJwAmSTdf//9M2bMsHkCc4kf/ehHGzZs4DOW3iVLlgRbwd6bUe23wJZSVrkJVLCU46nlBnsXK0STJ0+mJ7t5GpPSjRs3Ll++HEsD3Q9VxH+OmgmO57PWKU9puZlol53YFuasFLoNgX7Gjh0bLfTAgQP0KBcjKutg5TmMl13Z1PyDfdtT0XUrBUGtpzFabioRzwRNaeBQdboZyzyXMD0BKpkIiIAIiEANCaC+Tpo0KWsoKX9bk+fbExNxaD06yGrYsGGEvKrAFEChzlgd21ix6gdmNxRgT+N2DftAu0WqYCnHU8t1CklwhShkjeB5HDNmTOxiSlHNpJlhUSRrkk9Q0fURKYc7jOcw7lN6qWlMTipo9mpPRZewu6QPDuDSclOaycd2n5zFgAEDfJbJkzPpZiwjZ63Ylfo0KnMREAERqAMBTEz4Z4ZCB3cSzNM1zt3elOlRsL6dFF3mTJjgoq6k+LxxO/stu39r16E/tE+GspdyPLXc6GQa1FGfO1Naslrb/FstNEE1l1f8VzuFFg/mXMjU1F9UpfQkUPg+zVC5TRnGTU6GYhZGbWeNj6JrT1zQttcALZeThDZv3szLe+/evaFVasYOKsPqNe4ing4hWRu4S/XSulf3SmY3YtAzTp486fmAKZkIiIAIiECjCfC6xGFy586dbER0jm1WI14H48eP53U5bdq0rDtZsr49a8IQGjt27HjppZdsW+ZFF110ySWXzJ4923POUJNaSAxHoNSlHE8t156F0HawqJbrXCi7nwT6dIAcW9t8slWanhAoap9m07XchQsXusXKVEXXbdX87InzjwBWfUpGkOApQcn9zDPel1M7PatTSOf2LCshmYnheZJQ98UpBxEQAREQAREIEsj69kymh/pNGKFSzyZQ87WYAP0HO0/wCB83W2MqzPd0rawHa4HLM8Zy7JQs+mXFIbs1UWxxhy+qaqnDuP9JQp30I3LoXlrL3AXhd1Hxk0OXu6N5nAD1teUm76iJhZuq5XNX1tXoUAi7aLkuwADxLWKlIkSWZ8TLBI1aS3SFLDcoExEQAREQgXwEsr49k0up2MyVr8q6q98IZLLlho69iM7TLFxWZf50WLmPHz/ueRJHv7Ws6msEUofxblxHHeTunRecxzK2XMs2qBWizf7VX/1VKHih27cffOJqquW6XftUjDW5WbNmEazCJ1wktt89e/YkhG1MbeCsT4LbJcKSg2uMrJmkppeWm4pICURABERABIyAzXcPHjwYPGiE70ePHv2Vr3wl36bTYt+e0nLVV2tIwFPLxe8dY3Iocltonubm3FmPPqohFolUJYFi92mGJE8dxolWcOrUqW7qO2jQoO5PMI1quSFFF3XvkUcesfDm9spD9bXg+Z974ro3K5eRg52PzMUg4pk/G+7tFj6kuv565umZjCB7ZuL3P7zYM2eXzKomj+Ws3JReBERABPqKAC9NIlYkz1F4YfGSzfpCsTx9YJIz84ys86Ru/Nzyuacm1wV/VzlU+zR3r9KgZ9LTmPJhYwheNFzuyZinx7J1b2bVUZd+e6yQwT2GWR+0XvFUuT0nUMY+zVCl/Ifx3tIwOZ3HshPGKVzu/YK6G3rlBbcqeL2xqq+qbcfN+oKxcQfbb8VaLsWZL3hWgf3BMkr6K/z+2SqlCIiACIhAOwicOHEiVb8NaZ6haXoyB8/pkduLmFXL9VShY4W0spg5UKPcGo7lzO1k4mKCtKNvtKwW5S3leGq5Zlahk0S13FC3L3BaqKWclnXjUHXc1lP/kZOVwazDnecw3nPUnbRcBONNh6LXiVLoiaupx3Js/LrUhsfKP3XqVHtTdkqcaqxPLSU2gTlfVbb7Ip+QuksEREAERKCtBOx0E6fvofGOHTs2WtkDBw6QzMVeRqNbsmSJDxPPt6cdOUuGFs+5U874c5q0br5C0GNO9/GRJJqGE4CC5yehflx11VV/9md/1mmvUygHdh4dOnTo9ddf3759ezAqNbJt27Ytn0i6qwwCdBva2vVznyL8ezi5eXos4x5p6yDR83KDIhW7kc0eQMrFonPDDTfk23dg4tHhn3/+eZ5T6+0Jc2YfwkrTPYHy9mmGZPMcxruvUZc5xHosB/PEKfrBBx8MHSIQfdhrreWGdvanIvPZ51NSA/so2KnyK4EIiIAIiIAI5CBgcW64EeV25cqVqRFoeF0S8MKmCJ6vWs+3pyVL3Yvo877OxIEMf/SjH5mCHbpgwt4ttOjhw4e7n44cOYKu4pTt0C0YBG6++eZUjJkkVOLuCZS9lOOp5VIRes6xY8eCqiZnde7fv5+f2JeY6YRLTyxayvEE1cRknHO+evVqJA9t9k6oixvz8Szwj3HrOYwHy7UoD3zDomFC2KNisadquVack62jeD23SscKYNtcs/roOnN/9R7LthrdzbaiejaEpBIBERABEag/AXsHYefBm8tTWlLaq9bTqdJmFamZW7LUvYglHbJiB8z4n0EYmpmhDzNl9GeYSkMJCiTgwq/QTKkdjHJJ43qCT3pu8fRYLrBSmbJK2PEOEzs/KbhFmX/5stNGhhyb8zNJq8T+BMrbpxmSwXMY5y5Uqmh4hXwxHfw5uJR4SdDbux+K099YOYTr/hYjy5OZKSt7zSff5d/APkXTDMH9IZ5zhdSctfsiFZESiIAIiIAIOAL2aksOvhjFFbu9sBNVz7enTddSjyotSct1wqPuUjtepql7lUlAMl7l3c+o1CFLJVDBUk7NtVzDq6WcUrtZTzK30TV12AzJRnrPYTn0pkiuY/LGVysxU0yHniC1Qmuq5TqrLOquz4uHNC4sczL6rB3C/3xkUjL0FNKWJqQCaRQCU5mIgAiIQOsJeFpQQxwyqZqeb0+Lxci7O5k5a8Qkq8wByuLxhq6iXtmt7101qWAFSzmN0HK1lFOTDlmgGBUM4P+q9f2hpGTJgyZc8xEw8fgcdJNphKJb03250AzuQIA4mxxGjRploIMX5wGyaZtdyB999JG9Mt9///0Cz8v1PB+Zhn/xxRe7CQYQrJR2X0QbWt+IgAiIgAh0IpDvTPVMm2NzbOhSe4lAgQQq6OSe+3KZdp45c8azagMGDHCTQ2K4vPfeewMHDvTfSOlZCsmCexTdXUOHDmVHun8mStkTAoMHD0aL8d+Ua0Ki+8ycOZMP/89o6XelDuPupYBOS5gD6zzBR48EPCYWAc4zpoOfaKWkqq+WmyOSHirurl27klXN1AYOYWZHOANHJ/YWzWL06NFTpkwptn0USKNYnspNBERABFpMwKLyZAonCw3i5SxdutTzdICsb88W01bVekKgPlqup/3DUXJKiCkzfB8MztwTmCq0VgQsND2K5b59+/wFM5NYprtSh3GLgxUyGYYePRS0ESNG0JPxos0dGD9YTQqdNm1asZoUK0qbN2+uqceyM6b7h5GAtY/3kWEt0M2g1Ky0+6JUvMpcBERABNpBwPyEbfbsWSNS2pacVO9if1c3z6KVTARyELAt1ln9JO3R8PSN9/RY9tdDQnNOd6NnNKwclHRLEwmUt08zRCNVCTKf5NBTZncFO22mmA6pLWL5l7FPs7623OAggmFz9+7dFvc/+D3h2jkPcNiwYZMnT/YMb526jJF18KomPRXfsWMHTjIs8ySfFMdrgEV9zgn0Z1JNFVSKCIiACIhASQR4RzD4m5mICUrycZok3rhx4/Llyy09IUx8FtE9356cb3H69GnPapbkuulZupI1i4C5HiCzvyGUWRP73ejnqUdbGQpPj+XcnXzFihU7d+5k7oqvabPgS9qyCZS0TzMkduowHusxEf0y026XVHTl7dNshpabCsg/QWoD+2fVw5TafdFD+CpaBERABGpIwO3RMtkwXo0fPz4q5969e025tcvf5czz7ZnbmbOGSCVSrQhUsJTjqeXWCouEaQeBkvZpNkLLRciS9mlKy/V6OhhbmRkcPXo0k93YK2slEgEREAEREIEiCLAT6Vvf+lZQiU3ONdM+3jK0XM8twUWwUR5tIFD2Uo603Db0kibXAWv/T37yE7YrplaCBcp77703a2ix1GHc05ZrjhX4GB8+fDhVVP8E5mfkSSCaLQ5Nc+bMmTFjhnPvbYCWaxuITc8MvbwtqjXuKHjnerZ0agNHqTGqsjHaFR2NccWu8VOnTrGFuKgYy/4dQilFQAREQAREwBHAIMD2lnXr1hGVpBMW3ps4cM6ePdvzvWn5eL49k8PPcizCAw88wPuU1/e2bds8txqpfUXAESh1KUdarnpaHQgUuE8zVJ3UYdwCGbLtNhgGPKT6uo0A/q5AWakWtU+z1louY9mdd97ps6QBPg50ItJX6js7tYFDLeFcz4Pfh4KPWWy0wpc0svYJpRcBERABERABRyC6tyV4qElWUFnfnp3yRyp0bCZSUnSzNoHSG4HylnKk5aqPtZtA6jBuMZZD6qvdherLka6vvPIKCczyh4KWqnYVwjP3Ps36arkhvxQfTGWcJGQaLKXj2XXNNdc888wztK79u2TJEpMK+haULOtRVz6VUhoREAEREAER6DmB1OmRv4SFH0ThX7RStoxAsUs5sVpuplhTUbwKsdayLtfo6qQO46Z8hfaSxEZbaITKU1MtF2v4mDFjrCdhpJ01a9bIkSNj/YFJeejQIeedhba5Z8+eBCeo1AYOdV873Cy4qmHrHCHLrX3pGcSv0U+IhBcBERABEehDAlnfnsmIXLxcd5RoHyJVletGIFbLzRpQLVopdfK6NXSd5Sl2n2aopqnDuAXBwki7a9cup3aFHgE0INSuyy+/vM4YTbZ/V08RWTkzwVgqYOsOBtVOW175nl9JY2c30TBsXC6wUmaUv/nmm12e9jnkR83JPXyZfMZPgVIpKxEQAREQAREQAREQgZoTsFOpdYlAKgH024suumjq1KmYzQisEI0jiJaBe+n8+fPRM9FFQ6erpubvkwAzIUeWnjx5Mqh2cdocsYe4ULU4x4uIU41QcalvTW25NDNqZNZtzeZdjO0XpbdTW6YuY4Ru9Iw2VuzJUT4dUWlEQAREQAREoDICWd+eyYLZW56tucyoKquCChKBZAKxttzYgGoff/yxxTOnD69cuTKULflo57k6WyYCJe3TjFVq+se5oKa2XLOUTps2LVMXufXWW0mfEFgyU26WGJ2Zv4SFzHGvbhEBERABERABEYgSePHFF9944w0Le6FLBOpMAKMWlqvQ9fDDD6PiMkVkmSb6K7YWtF8U3dtvv73OVZNsNSHASgq7YZ3egR8rJlN00ejF9/xqugk9cPr06fgY16QWNRSjplqukTr33HMzIcua3idztgST7Hvf+15yNyIqFcnkl+KDVGlEQAREQAT6nIBpDtXE5+xz1Kp+4QQ41BQNFq/R9evXx2aO2yeKLnNC1nFwQy1cAGXYMgL12acJWLxT8Y0l3lAUMj7S/IpO3hT+NdVyTV08duxYJo5Z0/tkTkuzIIdt+aGHHuqUnt5pgZevuuoqnzyVRgREQAREQARaTICZPZMkdo7xl1lRi2uqqvUhgZ/85CfU+jvf+U5CrFN+WrZsGcmefvrpPkSkKmcisH37dtKzTxOlw/NGzrMl5C2JX3rpJc9bfJKhx37zm9+Metlg6kM2VnYmTpxIeGC2nDRC162plmvq4ve//32fJnFpCPnFZ5TSTHclJ0aDNWHQY9mVZJfdQkvbv2wEt2/uuOOOAotWViIgAiIgAiLQOAJoti6ACq9O3pVsOQvWgsMLeHWGvmxcNSVw3xKwXXWcHZpMwBLILb9v+4l/xeuzT3Pt2rU4QmNr/O53vxuUH9/7YE9G4EmTJtXfWbqmWu61114LXBxCWDnwgUgaXqu2I7dYgyoa7NKlS316KifoNiXmmE91lEYEREAEREAEshJAdzXnpuDFlrPgwv/999/Pr7y1fd7vWQVQehGohkCq/yARqqqRRKW0g0DWfZdZ0/tQclbloJ8C/jim4mJHZFcwwZb5jDKMSuyTZw/T1DTGMkTwdHJxpDDKs2YQu2xGXCjenbxWLeI2yw/vv/9+geflomafOnUquYUuueSSa665RipuD/uxihYBERABESiVgGeMZXt38y7+2c9+NmXKFN7OaLOhY+dRbkeMGMGXnEuB312pYitzEfAnEBtjOXr7uHHjbF/unj17Eiac7lngXBZ/GZSyDwng3sJ4iALp77EMJReW2T9mcuowHnuyDGM4a5dBDcsOPG9AkPzYEF51+PLEiRNZfY9pgE5ByVyN7OGpQwUlgwiIgAiIgAg0hYDn29OSsdjv6mUL/7yggzXF+4kviRTalOpLzn4gcNddd9EtORkoubKszlg/Z5pKqPBoYvw5LQouF5st+wGd6tgNAdthS3fKlIn1sUx3pQ7jliDYq1HH7EsGbSceCVKzylSXkhLX1GMZdnYwMW9HVssMZfLFOMLSWvAU47Q79LsIiIAIiIAIiEDxBC677DKXqTv0Iuif/PWvf50Ee/fuLb5s5SgCJROYMWOGmWGYdrLtHEMcZlusWxZxjcA8TFzNG5HFnXvvvbdkcZR94wnUZ5+mRf8Nnp/q3JJnz57dOND19VgOosQjfPfu3UeOHCH2V/D7QYMGjR07dtiwYZMnT05wGgnekmqsb1wTSmAREAEREAERKJuA59vTXO9Y6Q/u4ol6wfFaRz1AZn9fu7IrqPxFwNNjGVAs2aDQouUmQENh2LVrl6wv6lc+BErapxkqOnUYx2WaLbjOG589oewYtaOhORzL5WbO0vTwunvjl2Qjrm221kKZxONtjS9BrM8JTin8muomnak4JRYBERABERCBuhHwfHua613Qt83psUEvuC1btnhmWDcOkqfFBDw9lh0BNlLG7q1DSeARwNWzxaxUtWIJlLRPMyRk6qjrXJHRYJ3XPXeFPPPRifiy/ltO6uux7LPyUUGalp0cVQExFSECIiACItC3BOxEPUKVhHyvQkCeeOIJvvHckdS3MFXxmhPA8MXeOhQJdAB3oa4cPnx4yZIlnj6GNa+jxKuGQE32aeKDYxos9lsXA5hvQhF27Ry46667rho4uUtphsdy7upFb0w11odusTBi0dDNZtMPJk4N71xgLZSVCIiACFRGwDypcofDxbVvyJAhjJB4911wwQWVia2CiiXg//a0gJzYuIjiYzKYczJdyM5K+NGPfmQvUCZPq1atKlZO5SYCuQn4eyznLkI3ikAqgQL3aYbK8hzGUWLXrVvHe59h/Prrr1+4cGEoHxYxz5w5U39vfGm5KZ3N4sXjecKynEvqNhTR/Pfcc8/Ro0fvu+8+fiVWVrQrpPZmJRABERCB2hJgW86YMWMQjw0apqO6b5JlDmrFtiwolaa2rewjmOf0yI7fc0aA5Jxdp/IRQGlEoGwCxWq5aALMHtmprqWcshtO+XsS8BzGPXOrfzJ5LKe0kYUW4DjcYLpnnnmGfzFNsBWbNzqarR2K8MILL9S/ySWhCIiACPgTePLJJ0nMZktnhmUF1+f206dPu2S33norn7HvBaPs+mSiNI0jwHKGj4rLC5StubLtN659JbA/gePHj/M4MO7536KUIiACBRKQLTcFZjQypHnfcVvQwKtwkQV2SmUlAiJQEwJuuEMhmTJlipOKEa+ThK+88gq7PPg1dIuF3s3t9lwTIP0shqcRgGWR4AJHLLHRo0dPmDBBuxb7uTvVs+7F2nI1M6xnK/ezVJ7DeGsQSctNacrozGzFihXmnxx0tdJY1ppHQhURARFwBOy0AP71P+6FsyIZG4kqRPyVIEm3V5NgLSLcRAL9Nj1qYhtJ5i4J+Gu5zPrc9nL/Qhtw8op/ZZSygQT6bRiXx3JKJ73qqqtI8b3vfc8c7diQtnz5cj4QPjvoanXs2DG+tMOUdYmACIhAOwhs2rSJitjZMD4XMz9UXFJ+5zvfCaWfNm0a37AHJDn0rk8pSiMCIiACPSRgho1QCFIfefBn8UmmNCIgAoUQkJabgtEORWDeNmLECAKNEoXFBqkHH3wweOfrr7/Ov+PHjy+kVZSJCIiACNSBgE3jOBTeUxiMG6RkvW/GjBmhW/BQtW927NjhmZuSiYAIiEANCdhAZ2MdNo9OlztK1yWwM1p0iYAIVENAHsvpnM3RLpguGilUW87SOSqFCIhAowi4jRicAxk6Ky+2Hhhp7fjTTrGULWQ9lmE7ak9Xswj0m6tbs1pH0hZCwNNj2Z6F1KFMe9kKaRRlUiCBfhvGW2vL5SSD2Mv6SsJP0c5ECPhnn32WpTh+YmWO44KiQeGZur3zzjvz5s0rsC8qKxEQARHoIYHdu3db6T4qLskee+wxS3/vvffGim06sAWu1yUCIiACjSZgvn66REAEakugtVouxPEkiV7WErE/oaZ2aieOC+LQIOKvEDcl9kRc9ujW/3Dk2vZCCSYCIlBDAgcOHLDR0kc2IheYhTYUsyB479ixY/nXNu7qEgEREIGGErAFu48//rih8ktsEegTAq3VcgcNGjRr1iz/Vrz22mvZc+ufXilFQAREoN0E8Hmhgp7hBjZu3GgxCxIG3oEDBxqxhIOI2o20EbU7cuTIdXGXCR/7U8IacSOqLCFFIBMBC8j39NNPJ981YMAAEnguFGYSQIlFQAR8CLR5Xy5TNP/B5e233/bUctl7xknfwB05cqSO+/PpZEojAiLQRAIWbgDbLJ4sqfJ3OkAoeGPWjb6phfZ5Ak6mnT9/fhACrzzOBWDRFv+jbuD8p//0n9B1PXMYPnw4L1BWlj3TK5kI1JaA577c2sovwUQgmYD25banh/ibc30MuTjjMW+gf+CpQgR5riFDhjALJDaV7BLt6TSqiQiIwL8R8D/0YuvWreaHPHfuXPGrjMDp06dDZdFkhMXmiGMCfXHuXW5JVq5c6X/vww8/LBXXH5dSioAIiIAIVEOgvh7LrFKjUgYvVEr0zEzBOT1f1bykE3Cz34wzhJg3RM9GY0pB+GU03sWLF1fTYCpFBERABOpG4IknnjCRZs+eXTfZ+kEegmATNoILz2HzpSTE15w5c+yY9xwXK79YaH1uJBmJfVIqjQiIgAiIgAhUSaC+Wm4hq9Q+5txUQ+7tt9/+6quvWqsQY9mCLdtni0DAtXTpUim6VXZclSUCIlATAtgMbYTkACFt4uhtoxAEkYVgp+iyWTq3PP5rxDLk5oasG0VABEQgBwFWMLEFYoEzW6BZAeVYGiVZXy3XydrlKnXqqzrZkEunMRMuOi0uecRYdlvUyPnw4cOIZwd/o+iqh+V4VnWLCIhAownwrjX5dZRaTdqRl5FJ8tRTT9kHVF+bCbEkYROj1I27PuZcGXJr0uISQwREoH8ImIcpQRmcBc72quBY2j8QPGvaAC3X1STfKnWyOTfVkPvMM88gACE9UG45LiiKlZMk+cnCXFliXSIgAiLQAgLObyWhLrxu2bVBAhKnnqZ28ODBFmCpfxV4VYWOJj569ChiMxOaNGmSTYwsgHby5bNGLENuGkX9LgIiIAJFEkDFtWPncdvB/MZeFf6uWbPGP+BukdLUO68mablGMscqdcKrOtmQS3Hbt2/nb7InHk56y5Ytc4nr3eKSTgREQAQyENi7d29C6rVr19qvPie3uX0oBKjPIIGSZidAyOvYm1B0n332WWZFjz76aGquyeZcGXJTASqBCIiACBRLAMccU3FZWeazmd/4iy/VyZMniy2rBbk1T8vNsUrdyZybasilgS1w6DXXXJPc2KNGjXKJW9AtVAUREAERuPLKK4GAXpQQxGj58uWkwXKY6gFLsgMHDvCX9WZt3+1V70K5tZZKNbybhMlrxDLk9qodVa4IiEB/Eli3bp1V/M477+xEgMNfbFsKxx+w4slnt7Go36A1T8ulhXKsUse+qlMNuf3WG1RfERABEXAERo8ebZ8PHToUi4WFZDttyPMAIVuB5kBXQS6bADEjYou47LLLMhXdyZwrQ24mjEosAiIgAoUQcHtxp0yZ0inDDz74gJ/wRZ06darZ6qIBfQsRpv6ZNFLL7YQ1YZU6as71MeT6t98rr7xCYhdy2f9GpRQBERCBehKYMGGCCbZ79+5YCTdt2sT32GZnzJiRWgUMwva6ZWtoamIl6IYAUxxD7bOzOrWgTmvEMuSmolMCERABEegVAdageTtzvNyJEyd83tG9krPUchup5eZbpQ69qj0NuRY/OTloClErLf6KbBSldlZlLgIiUCUB/IptANy5c2dsudhy2eHJXqDYyHyhW/bs2WPfXHrppVXWog/LWrRokdXaZ7N0Kp+oOVeG3FRoSiACIiACPSfw8ssvszmFV7nPO7rn0pYhQPO03Nyr1EFzrr8hd9y4cXBHj43SR/Xl6CCOycU0YW579957bxmNpDxFQAREoCcE5syZQ7m4SCVszfUUbPPmzaTE4cVzR6hntkoWJMCrir1Y7vQ7n83SPgCja8Qy5PpwUxoREAER6CEBToEJlc5gnho8v4cCF15087TcblapXdN6GnLB/Wd/9mf8xWQRRc9ZVRxORcxnU3EJXNm3iyWF90tlKAIiUAcCkydPNjF27NjRpTw2inru4O2yrH67nTcR8UW4xowZ41Rcd7R79zSC5lwZcrvnqRxEQAREIB8BtzUy1vyWmuddf7hSk7UmQZO03O5Xqc2c62/IpZmZ5JnPXkJ/os+98cYbRa2at6ZvqSIiIAJNJ8DKHSfyUQvbgpv7ItKjrQb27e6g3OgSbhw4cGDoV15GtBdLrvv27QsGsh42bJilHDBgQD5JgmvEMuTmY6i7REAERKBLAvZG5rITTHUlE2iAllvsKjWvan9DLuyYKDBdYONZ0Mtuy5YtRLri4hRmNnazTzjqFaCeJwIiIAItIHDHHXdQCyyEFrYx3/X0009zIwePy+ElH8DYuzggkX3RwYuXETbz6JIr31iy3O7iZs6VIbfA5lNWIiACIpCVwOzZs4kpZS9lTgyy9zJbihj5OYAmn4E3qwwNSl9fLbekVWoWofHp6rKFiN+98A8Xk4zck4YuZdDtIiACIlABAZbwLFTvxo0b8xXHC5j3MS9mRS7IB7Amd9kasQy5NWkOiSECItCHBFgp3rVrlym6BL7Ff4e9KkOGDJk5c6aF1tcVJHAWi7siIgIiIAIiIAIiIALJBE6dOiUtV52kxQTuvvvuxx9/nAWdvtq72OIGbWvVMOGuXbuWE3HtFHqUXg55wfHKHEux8aIA8yWOqG0l4FkvabmeoJRMBERABERABERABESgtQSk5ba2aVWxviRQX4/lvmwOVVoEREAEREAEREAEREAEREAERKArAl62XM45JN7S22+//eGHHx4/fvzTTz/tqkzd3AWBs88+e+jQoeedd96f/umfTps2berUqV1kpltzEtATkRNc027T49a0FqujvBou6tMqeqLr0xb1lES23Hq2S8+l0jDe8yZwAmQbxkMRGkP/Eqg698ED9SHSYkloHdoouRH1a4EE9ES0+GlKrZoetwIfpX7ISsNF6jPV2wR6ovvhMcxUR9uOy77cTHcpcYsJaBjv7SidWnryMN7Rlsu6xV/+5V8eOXKEAsaPH4/NkJNjzYp4zjnnpJaqBCUR+OSTT8yi/vd///e00d69eymI0x3+5m/+BtNuSYUqWwjoiejDbqDHrQ8bvZAqa7goBGPhmeiJLhxpyzKULbdlDdpNdTSMd0OvvHuzDeOxCzA//OEPTT6idW3durXFizRNrxqt447qpdWaXp3ayq8norZNU6VgbNzQ41Yl8IaWFRwu6DMNrUU/iK0XaD+0cqY6ypabCVeLE2vW15TGTR7G/yhaDde0ixcvbkol+1zORYsW2aqEFN0yeoKeiDKoNjdPPW7NbbsKJNdwUQHkYovQE10sz0bnJi230c1XlPAaxosiWVk+nYbxsJb7d3/3d6Yvffvb365MOBXUPQHayxqOFuw+N+XgCOiJUGeIEtDjpl4RS0DDRUM7hp7ohjZc4WJLyy0caeMy1DDeuCYzgWOH8fBJQuzFRVNCJ/7bv/3b8pyqlXPhBGgvbO9kay2oqygCeiKKItmmfPS4tak1C6yLhosCYVaZlZ7oKmmrLBGoMwEN43VunQTZYofxz2m5y5cvJ9wUG8+WLFnS0Er2s9iPPPIIbUcL0o79zKHAuuuJKBBmy7LS49ayBu2+OhouumfYwxz0RPcQvooWgZoQ0DBek4bIJ0Z0GP9cjOVzzz33zJkzRMuYMmVKvgJ0V28JsAmbaNiE1f744497K0k7StcT0Y52LKkWetxKAtvQbDVcNLThnNh6opvegt3LrxjL3TNsdA4axhvdfAgfGsY/s+Wi3KLicmiQVNzmtjFtRwvSjgRAb24taiK5noiaNERtxdDjVtumqV4wDRfVMy+8RD3RhSNVhiLQIAIaxhvUWJ1EDQ3jn2m5phfpzNWmtzG2XKrAs9r0ivRcfj0RPW+C+gugx63+bVSNhBouquFcdil6ossmrPxFoLYENIzXtmkyCRYcxj/Tct9++21y+Yu/+ItMeSlx3QhMnjwZkaw1dXVDQE9EN/T65N4qH7ebbrrprMh19dVXE3bugw8+6BPgta2mhovaNk0mwap8ojMJpsQiIAJlE9AwXjbhavIPDuOfabkffvghxQ8dOrQaIVRKSQSsBa01dXVDQE9EN/T65N4qH7cNGzZEqb766qtLly792te+9txzz/UJ83pWU8NFPdslq1RVPtFZZVN6ERCBUgloGC8Vb2WZB4fxz7Tc48ePI8F5551XmRwqqAwC1oLWmrq6IaAnoht6fXJv9Y8bCu0b/3axMeG2224D9UcffTRz5sw333yzT7D7VPPJJ5/E8n3RRRf5JO4+jYaL7hnWIYfqn+g61FoyiIAIuJmz9KCmd4bgMP6Zlvvpp59SsXPOOafp1etz+a0FrTV1dUNAT0Q39Prk3uofty996UscGGYXURZWrVr17LPPGm1i6PcJdp9qnj59mmS//vWvfRJ3n0bDRfcM65BD9U90HWotGURABNzMWXpQ0ztDcBj/3Hm5Ta+Y5BcBERCBfiPAfl0MvNQa7+V+q7vqKwIiIAIiIAIiIAKxBKTlqmOIgAiIQLMJjBs3zirwy1/+stk1kfQiIAIiIAIiIAIiUAQBablFUFQeIiACItA7AidPnrTCzz//fCcF8agWLFiAAuwCM7NJlW+CAZnRiu1XdrHGik8MZ37FXGy/2mZX+5d7yW3w4MG2/ZXPv/3tby0ZO4RdRGh+WrFiRSc2ltIy4UJaErt83F3BcpHflcuNoRpxi+V233332e3B6veuiVSyCIiACIiACIhAtQR+/2+XFev+1YfmElBTFtJ2wlgIxtZnUlk/sYK+8Y1vRJFeeOGF/PTFL37R/bRmzZpObxKSvfPOOy6l3YvPczRbklkm5Ga/PvrooyaD2wwcLIVMTpw4sWjRomjRRMmK5m+hs6JXSMLUckPp+Tc2W2paXm+srBuUVwXlbATUlP3cE+666y46wMqVK/sZQt/WXc9+a5reNaVsuZ2mgvpeBERABBpAAGOmxVi6//77nbgDBw5EqUPhJB6zvbfQP01HJSDzsmXLXMq5c+fy+a233op6Oz///POWbMaMGUEQe/fuJaQz31j+aLy2MZhMJkyYwMlG6JmUZT+Zzrl69epQCGiO+eVLS4n8JiRRoxEbCadPnx5F78pFPSZzEt94441WI2e55V8s204x5l/32j58+HADmlMiioAIiIAIiIAIFELAzQAst9bo8f1cETVlIa0vjIVgbH0mlfUTKyh4khA6JGZV+x51ET02lbYzn7qULgoxKmvodjPzokm6701PtuKc/syvwVDGIcsqyeyWYP4uPZpqqFBnQKZ2qeWSwBEIVd+JmsqkkASVdYNCpFUmCQTUlP3cPWTL7efW17PfmtZ3TSlbbiFrBcpEBERABKoggL104r9dGFQtrjKq765duzhkKFWC4cOHh9JccMEFpihiWQ3+hGnXdNFbb701mi3FcZSR+95lwjf8dPHFF7ufSGba8v79+92XGzdu5DPfcxhSKHPuNcvwu+++m1ouCWbNmmXJDh06lFp9JRABERABERABEegTAtJy+6ShVU0REIG2EcBqiqEVm+e+ffuCimXWepqiiN/v1q1b3b0Wj4oioooo30eLu/LKK+3e6E8EoAqJtHPnTr5Bi3ahoYIf0OT5NagVu9ujmQcDbmWtuNKLgAiIgAiIgAi0lYC03La2rOolAiLQQgLB6FNsQCWQsguAHK2t/RoMsxzcv+rSk8Z2z27evNl9yb187hQgqgKyl1xySQWlqAgREAEREAEREIFWEpCW28pmVaVEQAT6mgCH8aDc4tK8YcMGM40mX6Yq47Rsp/hg1MW0y4cbbrgh7db8v8fGi3b7gpYsWZI/a90pAiIgAiIgAiLQ3wSk5fZ3+6v2IiACbSRwyy23mHJLEKbguUEuJlOo0vPmzbNvduzYwV8z6rI/thtH6FSuxExOTaMEIiACIiACIiACIpCDgLTcHNB0iwiIgAjUmoBFpSKs8cKFC300VRfz6fvf/z7mXHNXnjNnTkmVNG9kzMUffPBBSUUoWxEQAREQAREQgX4mIC23n1tfdRcBEWgzAU7NDVXvwIEDnSp8zz338BMW4LVr15q7cuiY3AJJXXPNNZYbeniB2cZmZT7YukRABERABERABPqKgLTcvmpuVVYERKAvCNjhPcuXL3dhk/lw9dVXs023U/0nT55sP3EXf4ne7HM0UT6aHC9kxxchD1uC33zzTcsHjRQ5FyxYMHjw4Hw5u7uGDRtmn2+//XbyJ9vFixd3maduFwEREAEREAERaAqBftRyOQfSTq3gQ1PaSXKKgAiIgD+BJ554gsSYZKdOnWrDHR9wY06ImYxOa7+aITf2mFx/AVJTrl+/3im6HABsQg4ZMgQ5CYJlMnRzobRb4GgUafK3bLvJUPdmJcBhVLRp9wsWWctVehEQAREQgU4EWFlmZE44naFN6ArWco1d6MKAwCJ6ffZfnTlzxprQfWhTi6ouFRCw2ZvnVYE80SKwiTG5TJBwxYoVPRFMheYmQCwo7h00aJBPDhxy+8Ybb2CPNU2Pi898s2rVKr5xX4ayuvnmm+2bTsfkmgt07O0JP5nMIclRqrdt28Zhv0EhyRnVlxBZHKUblC0h8wEDBlhK98H+Jf9du3aRuf2LcXvZsmU+6FqZBms2FnIOLrYxgQ/860zoJVX59OnT5Nz9gkVJ4ilbERABEag/AcJkoEbZ0M28rvuh+9SpU9Ta/rb/csc2WFXdv/k+JPBi+sKEJl+2xd7FVM/k5EOxOdckt0KasiZ16aEYCRg7BaqN7f89qYLr5J0eSarQE8HaV2ibHrcTJ06YBotRt30tVWqNatsNaFOzmcde/ESCksi4cbKk/EvKtrZNWVJ9lW2QwF133UUHWLlypbD0IYG6PfsMzra6Hb26eUfbGyH5JL+mt75ryoJtuZYvrcIk264tW7Y4LzgObyx78ThBzdZPIlAUgdmzZ7sebh+cI2jo+1RtsyiROuWDYFGR+Ka8wEJl10j5l0eAY4TM8jZt2rTySlHOlRHApwMjgAXcxpq9Zs0aGw1YcbaJDj8RbKwyeVSQCIiACIiAJwF3IiBOSShTwaFbG3A8GX5mvHWKbzcavGUSXSHgndrpp26Ky3evbLn5uPXbXZmeiLpZLVwnl8227H6bqZ+YMG+//XbZUuXL3/x7Mefmu72f78rRDSrA5ay4sQv/jBIsSZc3RNRtVPQEXs+m9BReybokIFtulwAbfXutnn0Oujd5eC+HqKLxsmqZG7Vsub4asn869uua2d0WlXWJgAiIQB8SeO211yZNmnTdddfVsO6ETrAIzH0SlKKGTVCsSISVthcucxr2Y0czJ9I1W6Pl1lEsduUmAiIgAt0T+MUvfmGZ3HHHHaHciLtx+PDh7ovohxxK8ViOBTdu3Dj7XpGN+6FjqY4iIAJBAqbfcvGhnmRwVzbB5K5czwbKKpXF2eaKVXHtJ2J0XXDBBVlzVnoREAEREIFSCVj0Pq6PP/641ILanXl1Wu7JkycN5fnnn28fkk/0sQixBLMNNoB9yY1sNyLOmMUcC1ke+In4sSjV9isf+JcvYxvSErvIk8GTG4Pp2U5MmGgX5cwCnXVKTJ4kdnkmCBCMnEae5M837e5wfV67UOdM6EX0BHq468YuLGrhscrpq/akRPfM20/Bg0DcA0g7BnsvvT3hKUPmaHzXaEUscrU9znaLFWdBBWMrXsazhgXMxYpPaCD/nlx//dbqQkRi/uJ0wzqxf+2Usp4EeDTMkEuD+uuxmYYdXsTuIU19f3k+0fWEKalEQAREoGICl112mZXo1isTBGDAZwbF1MWpHqnqT2xunrM10+D8x/+K0X2uOOfYbd/m9vO2Gy2T2MhdOJHzU3DHV/L+WMsqtGXIvsQlPRR2zImNI7sVFLpI7yJJunIJxREbviwUC9o5x8e2UygxB2DEHrMR2haVEDktKGq+5iikKfMV3aa7MmH02YFGR+p0gkuoe9AzOw0K5EA+qZz99+W6sLo8OMFoq8HHJDRK8ADGRm2N7bpuT360RqFnxxiSc+wt0YqX8awtWrQoljxldWKe0E/QG6+44opohsOHD09tQSVoFoFMw0UFVfMfAZwwmYYdBoHUF6IbFUkcHfo8h7IKWIWKqFtTVk+gn0vUvtx+bv26PftOnWFylTAJocncmXnJ6o81bqd9uf6zNZ/xv7cdyTVlRbZcNH47//D+++/vNH33//5b3/rWW2+9RTsBmstNTFnMmD59uhWE2mARyXjR8jYl/caNG0NFzJ8/3+VDSpcP0gZtvxzDSA6WoVMD6A322iZxMFsyIUgpP5GhtTE6iQvA61JitqVoejD5WJ78ZZJhoj700EP+NJSyEQRYIcNblb5h/db6Bn3Veh3h8oJmfE4HpW/wk+tFdA+bMpJDpmM/jxw5gpE2dAW7Ny6LP/vZz8gZYX7wgx8YTBLMmjXLdM558+aFCPMAYiZyIVvpw7ZaFO262EWJrG7Po1PO+WCDLD9FLbR79+51t1iQdhu+qfh9991X6rPG2uTSpUtNWvdUUrvYhbPkXtcU+20jnh0JmYPA7t277a5hw4Z53p5p2GEQINvg3KvT4hfJpk6dyvNr8d4TnmhPOZVMBERABPqBwIsvvmiKhukLCSfl4nfGaIwS4SZazOhs7hSr/kTpZZqtZRr/e9xSIStNl8q3VSZ4kpA7sYDvaa1YY5GbygdLt6xibbk2DY2K6laOaengr2Y4dVkFD3cJpQyuPaeicMseQfljxQ5lZTdCI7o241bTk5dtkmUzGVLlV4ICMabacm2lg34YLdRGIp+IeW65JLXtkk8wikZVdQuBNkSa7h3tom60ivomOFUw2HXtS3ILCcwjaT8F83EMg4tEwaVH0gcHkMKftdRGjMUeetw62W+DA71suakduHEJ6jbqus4c+3rNhDc67HieU5D1ic4kVXmJ69aU5dVUOUcJyJbbz72ihs++swq4KQRGAh+HPmtHm2iFHGxjbbn+szXP8b+3Hck1ZSm2XFYOJv7bhVnG7Q5i/ofhKDjby/cZVeG73/1u9N4XXnjBtIWQ9YlCiSTJGaehW1ApQyldtMn33nsvVTa3wTiY0jrKgQMHEm5ft24dv+JAH90u5QT41a9+lSqAEjSIgB1uds8990RlvvXWW/kS5bDT7nF3C9pRIVXGaBPKBxumLRnOmTPHmTQxGsfu6EMlDsWz4RF75JFHLE+MsfYBA7I5VkQfPdKbXr1v375ojRgoiP4a/N4My1yHDh1y3xf+rDmrV74IebLfFtI5lUndCESHnaFDh5qQBw8e9JHW84n2yUppREAERKB/CFx88cXoLyiWbpsYKtWYMWM8g/iwTdeHVabZWtbx30eA8tKUouUGxWXqzHQW6yXTWVqrkJpcf/31sdoy2jX5x7qnkz56y6hRo0Ly+Efp6FSRuXPn8hMHcuCTjANAbDJT+1F7LOpP8BoyZIjd4qNmFwJTmVRAwAV2YtEn2ui485kMQRWuKKliD8OMOiHT880RmocIz2o+sJYUTWZSjR07NireyJEj7cujR4/aB+cziToarbX5BtszG7qiA0XsilLhz9rkyZNN1YcAwbQyBfrKFD8ZN/IoEH3TaAJFPbCF51NGfE6GC5tysesHJ7rUVSHPJ7rwuitDERABEWgBATv1LajrMpnspGLkqG+m2VrW8T+HPAXeUoqWGzSOE1qZJYcKDmB0U9KonaoQXigqvM6DYZYxV0dzXrhwoXl7osqiveArT6DaTNNly3P06NGFiK1MmkIA/cqtkJnM9uAEwyyHNqYWWzV0Wpu5soOOv0899VSm/POtYcWGf/Mst/BnjYUwjE7o5LYHmA/+Yc9RXD3FVjIRqICAc0zIumDqOeysX7/ehguWazEsYDEgwmeqN0oFFVcRIiACItBKAqbrui0kd955Z7CaFmaZSUswzLIZ1Qq5grO1Bo3/pWi5hQDNmsmZM2ey3uKfHv0WnZbXuU+PWbJkiUUVQm9huozNis4R9S6INbI5R3Yd5uHfOg1KmbBHjvUg50rAaIVyy1odTgGx1s4yqkyhwXPG3Ynk3ZeVsD0j1mPZv8TCnzV0dSC4aAI877QCr43U6ftvfvObl156ydOlXPtye7tjp4zS/TttNSmdb0Xy9pnQJMl/2LF9QAxoNuXilYddd8KECal23Wqqr1JEQAREoJUE2C9mCqftCLOLgXfEiBEMwkxagt9nJeA5W2vQ+N8eLdeZktxJyllbt1N6fBdtUyW+0EEtJSHAD+oK82/0FgvFjK4bPfDTf/JRVEWUT88JeG5ju+WWW0y5ZSkkGGbARXMpoyIEWLazeWwAfeCBB1JVu6AYCbPbUie+ZTxrmNCZwbsQhbw2XPTpBPLXXnttJl23jEZUniJgBHghmvs9K2WezkQ5hh1sC0y5XAR4Hhk29qsJREAEREAEyiPAts1g5kzV7AgPxnyUjmAE0NhDHxMEyzRba8T4Xwst99ixYyHomabX7l6LRsNLPbYJPd/00Xt37tzJl2aPDQXFSe3ETJdffvllktH/jh8/bundsSuptytBOwg4u4rnCGIuA7gD4JSbzxM4Kzcc8m2jLLtzzVeZHnv77bfH5hO7kORsv87Z3n0oY79xVLDCnzX0Zx55e0ns37/fE6l0XU9QSlY2AXduX6dToE0A92bMPeywrs9IZWtwlfmelE0vU/6sRWZKr8QiIAIikJuAaSXuYoplG804FTI2rm1qQd3M1mo+/vdSy3VTf4s57C40AVwEU1slmuCqq67iS5Yx8E0P/mr+n9HzcjMVEQ1e5WmXC222pFBbhonKmUkeJW4QATqP28PmqehSu+gO85Ls/6HTcdGrbVrMglFseAP04dAx0eSA7ZdbWEp0zva4L5o16cEHH8y3bpW1ict41vJFpJOum7XtlL5wAsQ2d+ZcPJKi+TMW8WYMPcu5hx3/g3kLr2kPMySy+nV/uHoog4oWARFoHwG21zJuR+dO2CRsRTIaavfcc88N6T7BbWgJiLqfrdV3/HdO2Fb/LjcsWSaho5kS8nTGdD5wWDw+wKFV59jzcjvtaDV/S5OBzUKWIccF2ZfR83I9z+l1W73Jyo7rZOHWfUnOLh++x54c9DLlG7PcBs8KJhMnZzAx8uNsQMf1B+hzgGeXbdq3t2d6IlKPWnX+7SGXEnoI/Sp4nrM74oyU9GHjz4eg50lqo7ji6Kh8jl5Bnxb30DnvaHeebeiM6+Aoicx0V3LmrzssN/RsOiwkpgrutFt70rkr+AwmMIyez1bGs8ajx+XkRFp3fnXCLvrUfhLdr6t9uakduHEJUrtBT2pEZ3bPLI8b/dmGAnvRuHdl8GRFn2HHhqygaxwF2Ust+PLK9ET3hE83L1Ai1bGYZQz1RNen+bqUROfldgmw0bfXahi3EZW/TJZMneGvUz343k3Y3EZchmX7ktlLcGLmc16u/2zNc/zvbU9wTfmZWltI62bVcmkPp+8FJ9BAtDl9Ji0XprYPNpiVfabtgzNs+9JTyw0qz6FZvmmwLp+EnboIFmxym6NH5cwKsJuXdG+7YP1Lz/REpGq5CZ3TCgp29eDcNNhJ3ACXSi+hK4b6mEsZetacDMyGQ2thjLmxsZERLypYsrdkbi23jGet0w6W4OgRraBnPwnqupoTp3bgxiXw7AbV14snJfad6MYB92b0H3Y6BQgITryoaVu13KB+axj1RFffsUsqUVpuSWAbkW2thnG3yB7VFBhpQ/pLp4mWTRp9tFwayHO25jn+97bFXVMWrOXa3Dc4LU6tJzokzeAWLfhsViZbaaaZgzlYstCXoSIsQ6dD2pJzSMO0+gfj+rgEsUV0ytOEDOZja+SudD4gTGxBZikKTqxJzL3OYpyKrlOCWj2ouWvR8xszYbTxiM6TLLYF3w6qiHymh4S6KJkwhNEZ3PTURT7jm9RSuD3oLxC7mOIeUuuBsYqcU6qd4dcp5BZvxvVzMolWwaGgLsFH0sZcOISG6QSGbttbqc+atU7wkeRz8mhDHTP1E9N1NSfu+dNduACZukHhpSdn6N41bjyxF1N0nddz2IlmyADCs+MUZpMn6xNdMZYcL9CofisttyatVpQY0nKLItnEfOo2jHeak4RGWkPtzoawuagpUzZ3CillprnEamo+szXP8b+3HcA15VlulnbWWWfxrfs3dmasLxtBQE1ZSDMJYxSjMUG/JdhMIZBbkEmOfsJeviuuuKIFdVcVHIEc3UD06kkgtil5Zn/4wx9u2rQpVmbWrYivXs/qSKpMBO6+++7HH3985cqVpu7q6isCGsZb09yuKXsZfao1NFURERABEfAnIBXXn5VSikBvCVh8KQ7q6KTi9lY8lS4CIiACItCJgLRc9Q0REAERqI4AEeBZZQxegwcPJvo/pxZVJ0SHkjhUZvHixcTdNfFMMCI6dhKM8I8EgfRPT/5E9CV0pOXPh+hB4j2HIAFEwAhIv1VPEAEREIFGE5DHcqObL154OV0U0qjCGMUoj+VOTPz3eqAW3nfffbFdlM2NHFZczQnJUQHQb+3M5OjFhh/U3dD3nEMzffp0F90x+Cs7glatWhVKjxqPTmvH+oWu2PwLeYory0TDRWWoyy7ImpL4yZmMt4MGDSpbMOVfDYFTp07JY7ka1HUrRcN43VoktzyfNaXbH2x59Xa7sEovhICaUhgLIRDNxLpWwrE6JZVb52yzPm4uPmHwBDJ3rEtyPOfyODhl1QKJ2aEFweP4gkdPIYY7a4rqu9Oq3LFtfBmK2uXihxEVAwJ2nk0womNsiL7y6hubcygiIKK6qG+pkmTtBqkZKkGvCFhTstU29wRLNzadAFpur7qfyu0hAQ3jPYRfbNGuKWXLbfpoHCO/lqMKaVRhjGLEhRVbHArMvHnzCoHcgkyy9hNny0XNu/zyyx0BjKUbNmww/bB6vPgSX3XVVevWrQuKhDBOqlDIMVeLkBkWAy87GOkkqIgnT550tbv66qs5yJ4viVIbNFZj4J05cybJ0Cd767ON9zVCvvXWW9E+6WOoz9oNWtDz21oF15TYcolFdOTIkdSaohK//fbbqcmUoEEEZJxvUGMVJaqG8aJI9jwf2XKLXTWoV25ajiqkPYSxEIytzyRrP4nacg1R8GB3+wYFksztDFI73yjTIW2FkHfnEocO3LNDpLA8R0txFlqswaGq8VM0vTtYK/Z0hEJq4ZOJEwPIZrjmr1mnfW7P2g188lSanhAINWXwpOtOUzedDdaTllKhIlAsAQ3jxfLsYW6uKRV9qucrDhJABERABP7oggsuMNXRmROPHj3Kv9hFsY5iCOUzG8YqJjVy5EgrMWjZwGBrOvmcOXOi8txwww325XvvvWcfduzYYR/cT8G7XCaHDh2quHauOMzIhh1lns+0BZ/5i1E9aJHulXgqt4cE2KDLKUE+um4PhVTRIiACIiACUQLSctUrREAERKAWBIg5HCsHii52XZZFnR24MnH37NljZaFpu0KdOjpq1KioJM4heefOnfYrWrF9iA2s5TLZvXt3ZfUKFYSrtn1z5513dpKB0Fk4QeHCvXXrVgsTTbjsXgmscismIF23YuAqTgREQAS6JyAtt3uGykEEREAESiSAcmshjisOv8xW1Ycffphy8dqdPHmyq6EZmbmcpTdUedIHv2HTL/86l+BQ4gEDBpTIzi9rM5VzTZkypdMdVovt27dPnTrVTNmnT5/2y16pWkLAX9et84FhLWkMVUMEREAE0ghIy00jpN9FQAREoBIChw8fji3nsssuq6T8zxWCxdJFY+JYIHPitctpd1/60pdiBRs/fnzwe7Rl/u2UuGLVvUuSFliLndLsIp4xY0aXuen2JhLw0XWjKyD0HMLLEWuN86Wdd0MTqy+ZRUAERKApBKTlNqWlJKcIiECbCWAqNAuhBZrqyWVOuXZhsWSrKgZYNLrQYbn79+/3Ec8ZSGMDF0dzcB7OPpn3MM3LL7+MZo7SHtT8eyiPiu4JAR9dF8GiB4bxOLAX3ZZ+dImACIiACJRHQFpueWyVswiIgAj4EnChiWfNmuV7T/npmJFPnz4du26OokJ+y6k5NOXojtBhS6n1UoIWEzBd96c//WlqHVkZIbCZnUHNY7Vx48bUW5RABERABESgGwLScruhp3tFQAREoFsCuC+6Y2mxnYYMp93mnuV+PJNd6H9MuOwHRlPFwoxdd/HixS4nTxum81u22NGp19ixY1PTlJTASShX0pIItzvbK664wrOCS5cutZRPPfWUfUD1xXWCo8jpe+wRsAhnnrkpmQiIgAiIQAKBz7Tcs88+m3SffPKJeDWagLWgtaaubgjoieiGXp/c283jNnHiRPMNHjNmDBv2IIaKu23btpqgw/S0cOHC999/30yyzM6dBsjpoCZkJ6/L0AZjix3dKbFFdertZRY2rmXLluWTRMNFPm51u6ubJ9qnLvU8MMxHcqURgdYT0DDejiYODuOfablDhw6leh9++GE7Ktm3tbAWtNbU1Q0BPRHd0OuTe3M8bgMHDgzBwZCIlsVZQfv27QuGaBo2bJil7GEUYuRxip/bZ+vk73TCrW0wDpl8O+3OPX78uGXo6lt955k9e7Yp8yw3sDnZFG/UcuxsqOg+Bl4NF9W3Whkl5niis4pRwwPDslZB6UWglQQ0jLejWYPD+Gda7nnnnUf13ISjHVXtw1pYC1pr6uqGgJ6Ibuj1yb05Hrd58+Y5r2D7gOUTbSrqpsg3lqC3UYijh+K6mM8HDx6MNnT0dNwrr7zSksWqiy6TTucSVdCXUMh37dpliu7q1atZd8DGPmTIECLimsaeemm4SEXUiAQ5nuii6tWrA8OKkl/5iEDTCWgYb3oLmvzBYfwzLfdP//RP+W3Hjh3tqGTf1uLv//7vqbu1pq5uCOiJ6IZen9zbD4/bK6+8EmpNp46+9NJL0YZ+/vnn7Ut3xO7o0aPtm6g1mC9tgyKKZW+VeUrH2kwMMHeuL0ovNnZi5JpgZpruFFJLw0U7HvkKnuhaHRjWjlZTLUSgEAIaxgvB2PNMgsP4Z1ou8UWQbMuWLT2XTwJ0Q2Dz5s3cPm3atG4y0b0Q0BOhbpBKoDWPG3Zj4ktFt85ifcW2aRzc8bC4MdtGVrTWUPhl0lt8Hc5Dch7LU6ZMMeVw+fLloV24Tz75pHkyz507N5V22QkQeMmSJfiNmwn95MmT2NhdRGULzcWXsWLYkKsXaNltVHb+ZT/RdTgwrGyGyl8EGkpAs76GNlxI7M8N40HfOdv9xXs65FCnf5tCwOZYtGNTBK65nHoiat5AvRWvTY+bHdKLLnrbbbdRLwyYXBg2nemSz0HaRGB27xV+iqYnQTD9mjVrLD0Z8pn0lEJZ9iWG3BMnTvS2NbsvXcNF9wx7m0OBTzTux9a33Xm5VjUX54x9+PZNp5S9RaHSRaA/CWgYb3q7h4bxPwrWx6KMsHTd9Er2rfxmdqAd+5ZAsRXXE1Esz5bl1qbHjRdDwvG2qKPRtmOaHrvuSz5uBh+8y+m0obtQcUMqcUP7iYaLhjacE7vAJzqqu9LJnYqLV7wrVFpu07uN5G8TAQ3jTW/N0DD+OS2XutkREbiuNb2efSg/FhXajhbsw7qXV2U9EeWxbXTO7XvcsKZiZTWjrjOxopqGjFHBVmPiTgJ32Cwf+JdwTZ1aFl2aib5Tp5nrM8VvgRXX1VfDRXMf6mKfaKe7RleC6PbBPi8tt7l9RpK3koCG8eY2a3QYD2u5f/d3f2eD8re//e3m1rMPJae9rOFowT6sfnlV1hNRHtvm5qzHrbltV6rkGi5KxVte5oU/0c5FP7hmZAeGhWrhfCLa4dFQXhspZxGohoCG8Wo4F15K7DAe1nIp9Yc//KGNy6GNWIULpAyLIoDt3ZqMtisqT+XjCOiJUGcIEtDjpv6QQEDDReO6h57oxjWZBBaBUgloGC8VbxmZdxrGY7TcoKKLfzMhNMsQSHkWQoDWcSFApeIWgjQ2Ezfk6YkoD3L9c9bjVv82qoOEweFC0Rzr0CKdZNATXefWkWwi0EMCmvX1EH6mopOH8bPIKzaCCIGY//Iv//LIkSP8On78eI5J+Iu/+IuhQ4dyaPI555wTe4u+rIDAJ5988uGHH3LkMScbM3/au3ev7cX9m7/5G50eVCp/PRGl4q1n5nrc6tku9ZdKw0U920hPdD3bRVKJQA0JaBivYaMgUrZhPFljJtqYhdXWVU8CtI4iKmda9ekysZ6Iej4I1Uilx63Lx6ffbtdwUc2DmbsUPdH99kiqviKQlYCG8dwDbDU3Jg/jHW25QeGwGbKkQWgETIhcn376aTWiq5QogbPPPhuLOteYMWMw3toZ1roqJqAnomLgvSpOj1uvyLepXA0X9WlNPdH1aQtJIgINIqBhvD6NlWkY99Jy61M3SSICIiACIiACIiACIiACIiACIiACCQT+neiIgAiIgAiIgAiIgAiIgAiIgAiIQGsISMttTVOqIiIgAiIgAiIgAiIgAiIgAiIgAn/0/wP+Gs0uXvsrtAAAAABJRU5ErkJggg==\" style=\"height:171px; width:531px\" /></span></span></p>','',3012,1,'<p><u><strong>For Faculty (Teacher):</strong></u><br />\r\n&nbsp; &nbsp;1 &nbsp;Checked the output according the sheet.</p>','',1,0,1),(23,'Joshi Hardware','<p><span style=\"font-size:11.0pt\"><span style=\"font-family:&quot;Calibri&quot;,sans-serif\">Create a company by the name of <strong>Joshi Hardware</strong> and complete the exercise given in Page 3 given as additional sheets</span></span></p>','',3013,1,'<p><u><strong>For Faculty (Teacher):</strong></u><br />\r\n&nbsp; &nbsp;1 &nbsp;Checked the output according the sheet.</p>','',1,0,1),(24,'Champs Soft Drinks Part 01','','https://www.youtube.com/embed/tAqZllQ62nw',3014,1,'','',1,0,0),(25,'Champs Soft Drinks Part 02','','https://www.youtube.com/embed/gQtPLgl8eDU',3015,1,'','',1,0,0),(26,'Champs Soft Drinks Part 03','<p><span style=\"font-size:11.0pt\"><span style=\"font-family:&quot;Calibri&quot;,sans-serif\">Do according to Volume 1 title <strong>Creating Multiple Ledgers</strong>,<strong> Entry No.2, Altering Voucher, viewing group summary, ledger monthly summary, ledger vouchers, Accounting Voucher Alteration Secondary, Day Book, altering receipt of Rakesh Ranjan</strong> (Page 9 to 13)</span></span></p>','https://www.youtube.com/embed/BKbfooqOSGw',3016,1,'','',1,0,0),(27,'Champs Soft Drinks Part 04','<p><span style=\"font-size:11.0pt\"><span style=\"font-family:&quot;Calibri&quot;,sans-serif\">Do according to Volume 1 title <strong>Entry No.3, Entry No.4, Entry No.5, single entry mode, Entry No.6, Entry No.7, Entry No.8, Entry No.9 </strong>(Page 14 to top of Page No.20)</span></span></p>','https://www.youtube.com/embed/YD4x8pUT4TY',3017,1,'','',1,0,0),(28,'Champs Soft Drinks Part 05','<p>&nbsp;</p>\r\n\r\n<p><span style=\"font-size:11.0pt\"><span style=\"font-family:&quot;Calibri&quot;,sans-serif\">Do according to Volume 1 title <strong>Entry No.10 to Entry No.15 </strong>(Page 20 to 23)</span></span></p>','https://www.youtube.com/embed/a3yKnmY8UO4',3018,1,'','',1,0,0),(29,'Champs Soft Drinks Part 06','<p><span style=\"font-size:11.0pt\"><span style=\"font-family:&quot;Calibri&quot;,sans-serif\">Fill the ledgers given on page numbers 23 to 26 using a pencil.</span></span></p>','https://www.youtube.com/embed/2uHhnqUApNE',3019,1,'<p><u><strong>For Faculty (Teacher):</strong></u><br />\r\n&nbsp; &nbsp;1 &nbsp;I have Checked the work done.</p>','',1,0,1),(30,'Champs Soft Drinks Part 07','<p><span style=\"font-size:11.0pt\"><span style=\"font-family:&quot;Calibri&quot;,sans-serif\">Do according to Volume 1 title <strong>Viewing Ledgers in TallyPrime, &nbsp;Ledger Voucher Monthly Summary </strong>and <strong>Daily breakup </strong>(page 26 to top of page 30)</span></span></p>','https://www.youtube.com/embed/I3n09ibBMUU',3020,1,'','',1,0,0),(31,'Champs Soft Drinks Part 08','<p><span style=\"font-size:11.0pt\"><span style=\"font-family:&quot;Calibri&quot;,sans-serif\">Fill the Trial Balance given on page numbers 30 using a pencil according to closing balance of ledgers entered on page 23 to top of page 26.</span></span></p>','https://www.youtube.com/embed/PKbfAoCAbh8',3021,1,'<p><u><strong>For Faculty (Teacher):</strong></u><br />\r\n&nbsp; &nbsp;1 &nbsp;I have Checked the work done.</p>','',1,0,1),(32,'Trial Balance in TallyPrime','<p>(Page No.31 to top of Page No.32)</p>','',3022,1,'','',1,0,0),(33,'Champs Soft Drinks Part 09','<p><span style=\"font-size:11.0pt\"><span style=\"font-family:&quot;Calibri&quot;,sans-serif\">Fill the Profit &amp; Loss Account given on page numbers 32 using a pencil according to the&nbsp; Trial Balance entered on page 30.</span></span></p>','https://www.youtube.com/embed/-C1QsUQ_FzA',3023,1,'<p><u><strong>For Faculty (Teacher):</strong></u><br />\r\n&nbsp; &nbsp;1 &nbsp;I have Checked the work done.</p>','',1,0,1),(34,'Profit & Loss Account in TallyPrime','<p><span style=\"font-size:11.0pt\"><span style=\"font-family:&quot;Calibri&quot;,sans-serif\">Do according to middle part of page number 33 of Volume 1.</span></span></p>','',3024,1,'','',1,0,0),(35,'Champs Soft Drinks Part 10','<p><span style=\"font-size:11.0pt\"><span style=\"font-family:&quot;Calibri&quot;,sans-serif\">Fill the Balance Sheet given on page numbers 33 using a pencil according to the Trial Balance entered on page 30 and Profit &amp; Loss Account on page 32</span></span></p>','https://www.youtube.com/embed/2QUGRxdTzUk',3025,1,'<p><u><strong>For Faculty (Teacher):</strong></u><br />\r\n&nbsp; &nbsp;1 &nbsp;I have Checked the work done.</p>','',1,0,1),(36,'Balance Sheet in TallyPrime','<p><span style=\"font-size:11.0pt\"><span style=\"font-family:&quot;Calibri&quot;,sans-serif\">Do according to page number 34 of Volume 1.</span></span></p>','',3026,1,'','',1,0,0),(37,'Champs Soft Drinks Part 11','<p><span style=\"font-size:11.0pt\"><span style=\"font-family:&quot;Calibri&quot;,sans-serif\">Fill the Transactions and update the Ledgers, Fill the Trial Balance (Gross Loss), Fill Profit &amp; Loss Account (Gross Loss) and Balance Sheet (Gross Loss). Page No.:35 to 37.</span></span></p>','https://www.youtube.com/embed/RlfenxLh6t8',3027,1,'<p><u><strong>For Faculty (Teacher):</strong></u><br />\r\n&nbsp; &nbsp;1 &nbsp;I have Checked the work done.</p>','',1,0,1),(38,'Gross Loss','<p><span style=\"font-size:11.0pt\"><span style=\"font-family:&quot;Calibri&quot;,sans-serif\">Enter the transaction for gross loss and view the Ledgers, trial balance profit and loss account and balance sheet. (Page No.:38)</span></span></p>','',3028,1,'','',1,0,0),(39,'Champs Soft Drinks Part 12','<p><span style=\"font-size:11.0pt\"><span style=\"font-family:&quot;Calibri&quot;,sans-serif\">Fill the Transactions and update the Ledgers, Fill the Trial Balance (Net Loss), Fill Profit &amp; Loss Account (Net Loss) and Balance Sheet (Net Loss). End of Page No.38 to 40).</span></span></p>','https://www.youtube.com/embed/wsW6xElNqiQ',3029,1,'<p><u><strong>For Faculty (Teacher):</strong></u><br />\r\n&nbsp; &nbsp;1 &nbsp;I have Checked the work done.</p>','',1,0,1),(40,'Net Loss','<p><span style=\"font-size:11.0pt\"><span style=\"font-family:&quot;Calibri&quot;,sans-serif\">Enter the transaction for Net Loss and view the Ledgers, trial balance profit and loss account and balance sheet. (Top of Page No.41)</span></span></p>','',3030,1,'','',1,0,0),(41,'Deleting Vouchers','<p><span style=\"font-size:11.0pt\"><span style=\"font-family:&quot;Calibri&quot;,sans-serif\">Do according to Volume 1 title Deleting Vouchers (Page 41 to 42)</span></span></p>','https://www.youtube.com/embed/LJlU9m2trEQ',3031,1,'','',1,0,0),(42,'Rajan Traders','<p><span style=\"font-size:11.0pt\"><span style=\"font-family:&quot;Calibri&quot;,sans-serif\">Create a company by the name of Rajan Traders and complete the exercise given in Page 4 of additional sheets.</span></span></p>','https://www.youtube.com/embed/PYhBwV05y8E',3032,1,'<p><u><strong>For Faculty (Teacher):</strong></u><br />\r\n&nbsp; &nbsp;1 &nbsp;Checked the output according the sheet.</p>','',1,0,1),(43,'Progressive Computer Systems','<p><span style=\"font-size:11.0pt\"><span style=\"font-family:&quot;Calibri&quot;,sans-serif\">Solve the case study from Volume 1 (Page 43 to 44)</span></span></p>','https://www.youtube.com/embed/C4r4nS7aizc',3033,1,'<p><u><strong>For Faculty (Teacher):</strong></u><br />\r\n&nbsp; &nbsp;1 &nbsp;Checked the output according the sheet.</p>','',1,0,1),(44,'Progressive Computer Systems (Not for Students)','','https://www.youtube.com/embed/FJK6-IMihbY',3034,1,'','',1,1,0),(45,'Year End Routine in TallyPrime','<p><span style=\"font-size:11pt\"><span style=\"font-family:Calibri,sans-serif\">Do according to Volume 1 title Deleting Vouchers (Page 45 to 52)</span></span></p>','https://www.youtube.com/embed/O6Xou4f81IM',3035,1,'','',1,0,0),(46,'Team Work Sales & Services (Accounts Only) Part 1','<p><span style=\"font-size:11.0pt\"><span style=\"font-family:&quot;Calibri&quot;,sans-serif\">Do according to Volume 1 title Transactions for April (Page 53 to 58)</span></span></p>','https://www.youtube.com/embed/hkXpTMHa6UQ',3036,1,'','',1,0,0),(47,'Team Work Sales & Services (Accounts Only) Part 2','<p><span style=\"font-size:11.0pt\"><span style=\"font-family:&quot;Calibri&quot;,sans-serif\">Do according to Volume 1 title Transactions for April (Page 59 to 65)</span></span></p>','https://www.youtube.com/embed/fdWU0CnRKZI',3037,1,'<p><u><strong>For Faculty (Teacher):</strong></u><br />\r\n&nbsp; &nbsp;1 &nbsp;have compared the output given on page number 65.</p>','',1,0,1),(48,'Team Work Sales & Services (Accounts Only) Part 3','<p><span style=\"font-size:11.0pt\"><span style=\"font-family:&quot;Calibri&quot;,sans-serif\">Do according to Volume 1 title Transactions for May (Page 66 to 72)</span></span></p>','https://www.youtube.com/embed/1Msx1_mK37s',3038,1,'<p><u><strong>For Faculty (Teacher):</strong></u><br />\r\n&nbsp; &nbsp;1 &nbsp;have compared the output given on page number 72.</p>','',1,0,1),(49,'Team Work Sales & Services (Accounts Only) Part 4','<p><span style=\"font-size:11.0pt\"><span style=\"font-family:&quot;Calibri&quot;,sans-serif\">Do according to Volume 1 title Transactions for June (Page 73 to 77)</span></span></p>','https://www.youtube.com/embed/xE23Qjj_IXs',3039,1,'<p><u><strong>For Faculty (Teacher):</strong></u><br />\r\n&nbsp; &nbsp;1 &nbsp;have compared the output given on page number 77.</p>','',1,0,0),(50,'Team Work Sales & Services (Accounts Only) Part 5','<p><span style=\"font-size:11.0pt\"><span style=\"font-family:&quot;Calibri&quot;,sans-serif\">Do according to Volume 1 title Transactions for July (Page 78 to 83)</span></span></p>','https://www.youtube.com/embed/dOuCtUfnhdA',3040,1,'<p><u><strong>For Faculty (Teacher):</strong></u><br />\r\n&nbsp; &nbsp;1 &nbsp;have compared the output given on page number 83.</p>','',1,0,1),(51,'Team Work Sales & Services (Accounts Only) Part 6','<p><span style=\"font-size:11.0pt\"><span style=\"font-family:&quot;Calibri&quot;,sans-serif\">Do according to Volume 1 title Transactions for August (Page 84 to 88)</span></span></p>','https://www.youtube.com/embed/Jc-ACfnQUM4',3041,1,'<p><u><strong>For Faculty (Teacher):</strong></u><br />\r\n&nbsp; &nbsp;1 &nbsp;have compared the output given on page number 88.</p>','',1,0,1),(52,'Team Work Sales & Services (Accounts Only) Part 7','<p><span style=\"font-size:11.0pt\"><span style=\"font-family:&quot;Calibri&quot;,sans-serif\">Do according to Volume 1 title Transactions for September (Page 89 to 94)</span></span></p>','https://www.youtube.com/embed/fdUQpF0hd7o',3042,1,'<p><u><strong>For Faculty (Teacher):</strong></u><br />\r\n&nbsp; &nbsp;1 &nbsp;have compared the output given on page number 94.</p>','',1,0,1),(53,'Team Work Sales & Services (Accounts Only) Part 8','<p><span style=\"font-size:11.0pt\"><span style=\"font-family:&quot;Calibri&quot;,sans-serif\">Do according to Volume 1 title Transactions for October (Page 95 to 99)</span></span></p>','https://www.youtube.com/embed/n-aAftf3jSE',3043,1,'<p><u><strong>For Faculty (Teacher):</strong></u><br />\r\n&nbsp; &nbsp;1 &nbsp;have compared the output given on page number 99.</p>','',1,0,1),(54,'Team Work Sales & Services (Accounts Only) Part 9','<p><span style=\"font-size:11.0pt\"><span style=\"font-family:&quot;Calibri&quot;,sans-serif\">Do according to Volume 1 title Transactions for November (Page 100 to 104)</span></span></p>','https://www.youtube.com/embed/h-wpI32xWAc',3044,1,'<p><u><strong>For Faculty (Teacher):</strong></u><br />\r\n&nbsp; &nbsp;1 &nbsp;have compared the output given on page number 104.</p>','',1,0,1),(55,'Team Work Sales & Services (Accounts Only) Part 10','<p><span style=\"font-size:11.0pt\"><span style=\"font-family:&quot;Calibri&quot;,sans-serif\">Do according to Volume 1 title Transactions for December (Page 105 to 111)</span></span></p>','https://www.youtube.com/embed/apMnI7UGGDc',3045,1,'<p><u><strong>For Faculty (Teacher):</strong></u><br />\r\n&nbsp; &nbsp;1 &nbsp;have compared the output given on page number 111.</p>','',1,0,1),(56,'Team Work Sales & Services (Accounts Only) Part 11','<p><span style=\"font-size:11.0pt\"><span style=\"font-family:&quot;Calibri&quot;,sans-serif\">Do according to Volume 1 title Transactions for January (Page 112 to 116)</span></span></p>','https://www.youtube.com/embed/LK66siRqn1o',3046,1,'<p><u><strong>For Faculty (Teacher):</strong></u><br />\r\n&nbsp; &nbsp;1 &nbsp;have compared the output given on page number 116.</p>','',1,0,1),(57,'Team Work Sales & Services (Accounts Only) Part 12','<p><span style=\"font-size:11.0pt\"><span style=\"font-family:&quot;Calibri&quot;,sans-serif\">Do according to Volume 1 title Transactions for February (Page 117 to 122)</span></span></p>','https://www.youtube.com/embed/74ACXfesS9U',3047,1,'<p><u><strong>For Faculty (Teacher):</strong></u><br />\r\n&nbsp; &nbsp;1.&nbsp; have compared the output given on page number 122.</p>','',1,0,1),(58,'Team Work Sales & Services (Accounts Only) Part 13','<p><span style=\"font-size:11.0pt\"><span style=\"font-family:&quot;Calibri&quot;,sans-serif\">Do according to Volume 1 title Transactions for March (Page 123 to top of 125)</span></span></p>','https://www.youtube.com/embed/NY43tJ41qys',3048,1,'','',1,0,0),(59,'Team Work Sales & Services (Accounts Only) Part 14','<p><span style=\"font-size:11.0pt\"><span style=\"font-family:&quot;Calibri&quot;,sans-serif\">Do according to Volume 1 title Depreciation (Page 125 to 128)</span></span></p>','https://www.youtube.com/embed/rDB01vTo0bc',3049,1,'<p><u><strong>For Faculty (Teacher):</strong></u><br />\r\n&nbsp; &nbsp;1.&nbsp; have compared the output given on page number 128.</p>','',1,0,1),(60,'Team Work Sales & Services (Accounts Only) Part 15','<p><span style=\"font-size:11.0pt\"><span style=\"font-family:&quot;Calibri&quot;,sans-serif\">Do according to Volume 1 title From Extending the Accounting Period to Entry No. 149 (Page 129 to top of 132)</span></span></p>','https://www.youtube.com/embed/rDB01vTo0bc',3050,1,'','',1,0,0),(61,'Team Work Sales & Services (Accounts Only) Part 16','<p><span style=\"font-size:11.0pt\"><span style=\"font-family:&quot;Calibri&quot;,sans-serif\">Do according to Volume 1 from Entry No. 150 to End of Case Study (Page 132 to top of 138)</span></span></p>','https://www.youtube.com/embed/RzALPaEdt88',3051,1,'<p><u><strong>For Faculty (Teacher):</strong></u><br />\r\n&nbsp; &nbsp;1. &nbsp;I have checked the trial balance with the image given.</p>','',1,0,1),(62,'Abhijit Enterprises Part 1','<p><span style=\"font-size:11.0pt\"><span style=\"font-family:&quot;Calibri&quot;,sans-serif\">Complete from Transaction 1 to 2-6-20 from Volume 2 Page 1.</span></span></p>','https://www.youtube.com/embed/-QHSsNHmcG8',3052,1,'<p><u><strong>For Faculty (Teacher):</strong></u><br />\r\n&nbsp;1.&nbsp; &nbsp;I have checked.</p>','',2,1,1),(63,'Abhijit Enterprises Part 2','<p><span style=\"font-size:11.0pt\"><span style=\"font-family:&quot;Calibri&quot;,sans-serif\">Complete from Transaction Dated 31-3-21 (Claim depreciation on Nano car of 15,000) to transaction dated 2-9-20 (purchased stationery) from Volume 2 Page 1.</span></span></p>','https://www.youtube.com/embed/kgxchv_ucHI',3053,1,'<p><u><strong>For Faculty (Teacher):</strong></u><br />\r\n&nbsp;1. I have checked.<br />\r\n&nbsp;</p>','',2,1,1),(64,'Abhijit Enterprises Part 3','<p><span style=\"font-size:11.0pt\"><span style=\"font-family:&quot;Calibri&quot;,sans-serif\">Complete from Transaction Dated 1-1-21 (prepaid Internet connection) to 31-3-21 (Contessa and Sun Rose are facing crisis) from Volume 2 Page 2.</span></span></p>','https://www.youtube.com/embed/NPufa0-A1bI',3054,1,'<p><u><strong>For Faculty (Teacher):</strong></u><br />\r\n&nbsp;1. I have checked.<br />\r\n&nbsp;</p>','',2,1,1),(65,'Abhijit Enterprises Part 4','<p><span style=\"font-size:11.0pt\"><span style=\"font-family:&quot;Calibri&quot;,sans-serif\">Complete from Transaction Dated 31-3-21 (Provision for salary payable) to 31-3-21 (recorded value of closing stock) from Volume 2 Page 2.</span></span></p>','https://www.youtube.com/embed/Ei5tjumU9kE',3055,1,'<p><u><strong>For Faculty (Teacher):</strong></u><br />\r\n&nbsp;1. I have checked.<br />\r\n&nbsp;</p>','',2,1,1),(66,'Abhijit Enterprises Part 5','<p><span style=\"font-size:11.0pt\"><span style=\"font-family:&quot;Calibri&quot;,sans-serif\">Complete from Transaction Dated 2-4-21to 1-6-21from Volume 2 Page 2.</span></span></p>','https://www.youtube.com/embed/EnMBh8h8t4I',3056,1,'<p><u><strong>For Faculty (Teacher):</strong></u><br />\r\n&nbsp;1. I have checked.<br />\r\n&nbsp;</p>','',2,1,1),(67,'Abhijit Enterprises Part 6','<p><span style=\"font-size:11.0pt\"><span style=\"font-family:&quot;Calibri&quot;,sans-serif\">Complete from Transaction Dated 31-3-21 (Transfer drawings to Abhijit Joshi) to end of case study).</span></span></p>','https://www.youtube.com/embed/unt1SUCUZ7c',3057,1,'<p><u><strong>For Faculty (Teacher):</strong></u><br />\r\n&nbsp;1. I have checked.<br />\r\n&nbsp;</p>','',2,1,1),(68,'Inventory Masters (Units & Stock Items)','','https://www.youtube.com/embed/QmoN8MtkaLM',3058,1,'','',2,0,0),(69,'Invoicing and Sales, Purchase Entry with Inventory details','<p><span style=\"font-size:11.0pt\"><span style=\"font-family:&quot;Calibri&quot;,sans-serif\">Complete the topic Basic Inventory Transactions and Invoice using TallyPrime from Volume 2 Page No:5.</span></span></p>','https://www.youtube.com/embed/lkDqPMFOBnM',3059,1,'<p><u><strong>For Faculty (Teacher):</strong></u><br />\r\n&nbsp;1.&nbsp; &nbsp;I have checked.<br />\r\n&nbsp;</p>','',2,0,1),(70,'Modes of Entering Sales and Purchase Vouchers in Tally Prime','<p><span style=\"font-size:11.0pt\"><span style=\"font-family:&quot;Calibri&quot;,sans-serif\">Complete the topic<strong> </strong>Data Entry Using Invoice Format<strong> </strong>from Volume 2 Page No: 12</span></span></p>','https://www.youtube.com/embed/7kD5WGD37no',3060,1,'<p><u><strong>For Faculty (Teacher):</strong></u><br />\r\n&nbsp;1. I have checked.<br />\r\n&nbsp;</p>','',2,0,1),(71,'Use of predefined group','<p><span style=\"font-size:11pt\"><span style=\"font-family:Calibri,sans-serif\">Use of predefined group Direct Expenses / Incomes and Indirect Expenses / Incomes in Tally Prime</span></span></p>\r\n\r\n<p><span style=\"font-size:11pt\"><span style=\"font-family:Calibri,sans-serif\">Complete the topic Understanding Direct and Indirect Expenses/Income from Volume 2 </span></span></p>\r\n\r\n<p><span style=\"font-size:11.0pt\"><span style=\"font-family:&quot;Calibri&quot;,sans-serif\">Page No:21</span></span></p>','https://www.youtube.com/embed/UTZuGI7t_Ak',3061,1,'<p><u><strong>For Faculty (Teacher):</strong></u><br />\r\n&nbsp;1. I have checked.<br />\r\n&nbsp;</p>','',2,0,1),(72,'Hunger Remedies','<p><span style=\"font-size:11.0pt\"><span style=\"font-family:&quot;Calibri&quot;,sans-serif\">Solve case study of Hunger Remedies from Volume 2 Page No.: 26</span></span></p>','',3062,1,'<p><u><strong>For Faculty (Teacher):</strong></u><br />\r\n&nbsp;1. I have checked.<br />\r\n&nbsp;</p>','',2,0,1),(73,'Customizing Voucher Numbers','','https://www.youtube.com/embed/2kDtG7qOdyY',3063,1,'','',2,0,0),(74,'Maintaining Bill Wise Outstanding Receivable','<p><span style=\"font-size:11.0pt\"><span style=\"font-family:&quot;Calibri&quot;,sans-serif\">Complete the topic Bill Wise Outstanding Receivable from Volume 2 Page No: 29.</span></span></p>','https://www.youtube.com/embed/Q2kcRan37-Y',3064,1,'','',2,0,0),(75,'Ageing Analysis of Outstanding Payables','<p><span style=\"font-size:11.0pt\"><span style=\"font-family:&quot;Calibri&quot;,sans-serif\">Complete the topic Bill Wise Outstanding Payable from Volume 2 Page No: 48</span></span></p>','https://www.youtube.com/embed/rl5mFzdmt64',3065,1,'','',2,0,0),(76,'Case Study Joshi Kirana Store','<p><span style=\"font-size:11.0pt\"><span style=\"font-family:&quot;Calibri&quot;,sans-serif\">Complete the case study <strong>Joshi Kirana Store </strong>given in top of Page 6 given as additional sheets.</span></span></p>','',3066,1,'<p><u><strong>For Faculty (Teacher):</strong></u><br />\r\n&nbsp;1. I have checked.<br />\r\n&nbsp;</p>','',2,0,1),(77,'Case Study Sweetheart Sweet Shop','<p><span style=\"font-size:11.0pt\"><span style=\"font-family:&quot;Calibri&quot;,sans-serif\">Complete the case study <strong>Sweetheart Sweet Shop</strong> given in Bottom of Page 6 given as additional sheets.</span></span></p>','',3067,1,'<p><u><strong>For Faculty (Teacher):</strong></u><br />\r\n&nbsp;1. I have checked.<br />\r\n&nbsp;</p>','',2,0,1),(78,'Case Study Ashish Fuels','<p><span style=\"font-size:11.0pt\"><span style=\"font-family:&quot;Calibri&quot;,sans-serif\">Complete the case study <strong>Ashish Fuels</strong> given in top of Page 7 given as additional sheets.</span></span></p>','',3068,1,'<p><u><strong>For Faculty (Teacher):</strong></u><br />\r\n&nbsp;1. I have checked.<br />\r\n&nbsp;</p>','',2,0,1),(79,'Bank Reconciliation','<p><span style=\"font-size:11.0pt\"><span style=\"font-family:&quot;Calibri&quot;,sans-serif\">Complete the topic Bank Reconciliation from Volume 2 (Page No 55 to Page No.69)</span></span></p>','https://www.youtube.com/embed/yOe5mNBDAdc',3069,1,'','',2,0,0),(80,'Cheque Printing in Tally Prime','<p><span style=\"font-size:11.0pt\"><span style=\"font-family:&quot;Calibri&quot;,sans-serif\">Complete the topic Cheque Printing And Post-Dated Transaction from Volume 2 (Page No. End of 69 to Page No.73)</span></span></p>','https://www.youtube.com/embed/FrAExTyN_q4',3070,1,'','',2,0,0),(81,'Account Groups In Tally Part 1','','https://www.youtube.com/embed/R_JsEpHuPhY',3071,1,'','',2,0,0),(82,'Account Groups In Tally Part 2','','https://www.youtube.com/embed/sIHYLTwwJ0k',3072,1,'','',2,0,0),(83,'Account Groups In Tally Part 3','','https://www.youtube.com/embed/QwqqKtNzge8',3073,1,'','',2,0,0),(84,'Account Groups In Tally Part 4','','https://www.youtube.com/embed/o453CM6zw2M',3074,1,'','',2,0,0),(85,'User Defined Groups in Tally','<p><span style=\"font-size:11.0pt\"><span style=\"font-family:&quot;Calibri&quot;,sans-serif\">Complete the topic Grouping of Accounts from Volume 2 (Page No:73 to Page No:83)</span></span></p>','https://www.youtube.com/embed/NdXnvKtXBuU',3075,1,'','',2,0,0),(86,'Case Study Specialist Electricals','<p><span style=\"font-size:11.0pt\"><span style=\"font-family:&quot;Calibri&quot;,sans-serif\">Complete the case study <strong>Specialist Electricals</strong> given on Volume 2 Page No: 84 </span></span></p>','',3076,1,'<p><u><strong>For Faculty (Teacher):</strong></u><br />\r\n&nbsp;1. I have checked.<br />\r\n&nbsp;</p>','',2,0,1),(87,'Using Debit Note for Purchase Return','<p><span style=\"font-size:11.0pt\"><span style=\"font-family:&quot;Calibri&quot;,sans-serif\">Complete the topic Purchase Return (Debit Note) from Volume 2 Page No: 90 to Page No:95</span></span></p>','https://www.youtube.com/embed/lXMttPBuXWY',3077,1,'','',2,0,0),(88,'Using Credit Note for Sales Return','<p><span style=\"font-size:11.0pt\"><span style=\"font-family:&quot;Calibri&quot;,sans-serif\">Complete the topic Sales Return (Credit Notes) from Volume 2 Page No:96 to Page No:100</span></span></p>','https://www.youtube.com/embed/OEByQG_Ntzo',3078,1,'','',2,0,0),(89,'Using Alternate and Compound Units','<p><span style=\"font-size:11.0pt\"><span style=\"font-family:&quot;Calibri&quot;,sans-serif\">Complete the topic Using Alternate And Compound Units For Stock Items from Volume 2 Page No: 101 to Page No:107</span></span></p>','https://www.youtube.com/embed/8MaFtRQRgOQ',3079,1,'','',2,0,0),(90,'Classification of Stock Items into Groups & Categories','<p><span style=\"font-size:11.0pt\"><span style=\"font-family:&quot;Calibri&quot;,sans-serif\">Complete the topic Classification of Stock Items from Volume 2 Page No:108 To Page No: 117</span></span></p>','https://www.youtube.com/embed/Xga3jUqfFoY',3080,1,'','',2,0,0),(91,'Discount, Actual & Billed Quantity and Free Samples in Invoicing','<p><span style=\"font-size:11pt\"><span style=\"font-family:Calibri,sans-serif\">Complete according to the title <strong>Using Discount, Actual and Billed Quantity &amp; Free Sample</strong> given in </span></span></p>\r\n\r\n<p><span style=\"font-size:11.0pt\"><span style=\"font-family:&quot;Calibri&quot;,sans-serif\">Page 6 given as additional sheets.</span></span></p>','https://www.youtube.com/embed/YiiCuaq1QAk',3081,1,'','',2,0,0),(92,'Introduction to GST Part 1','','https://www.youtube.com/embed/mS2Q8_hFH1A',3082,1,'','',3,0,0),(93,'Introduction to GST Part 2','','https://www.youtube.com/embed/wUxMVEjwWLE',3083,1,'<p>&nbsp;</p>\r\n\r\n<p>&nbsp;</p>','',3,0,0),(94,'Defining Rates of GST in TallyPrime','','https://www.youtube.com/embed/vRZFloCtHQc',3084,1,'','',3,0,0),(95,'Case Study Shyamlal Cold Drinks','<p><span style=\"font-size:11.0pt\"><span style=\"font-family:&quot;Calibri&quot;,sans-serif\">Complete the case study <strong>Shyamlal Cold Drinks </strong>given in top of Page No:12 to 13 given as additional sheets.</span></span></p>','https://www.youtube.com/embed/eSkgBqRrPKk',3085,1,'<p><u><strong>For Faculty (Teacher):</strong></u><br />\r\n&nbsp;1. Check according to Page 8.<br />\r\n&nbsp;</p>','',3,0,1),(96,'Raja Pipes Case Study Part I','<p><span style=\"font-size:11.0pt\"><span style=\"font-family:&quot;Calibri&quot;,sans-serif\">Complete the case study <strong>Raja Pipes </strong>given in top of Page No:14 to 17 given as additional sheets.</span></span></p>','https://www.youtube.com/embed/ScmDIDnqqvA',3086,1,'<p><u><strong>For Faculty (Teacher):</strong></u><br />\r\n&nbsp;1. Check according to Page 12.<br />\r\n&nbsp;</p>','',3,0,1),(97,'Raja Pipes ITC Adjustment','<p><span style=\"font-size:11.0pt\"><span style=\"font-family:&quot;Calibri&quot;,sans-serif\">Adjust the Input credit and make the GST Payment.</span></span></p>','https://www.youtube.com/embed/jvOKhY6W4Fw',3087,1,'<p><u><strong>For Faculty (Teacher):</strong></u><br />\r\n&nbsp;1. Check&nbsp;</p>','',3,0,0),(98,'Adjustment of Credit','<p><span style=\"font-size:11.0pt\"><span style=\"font-family:&quot;Calibri&quot;,sans-serif\">Create the company Joshi Electricals and enter the transactions for April to July starting from to Page No: 18 to Top of 20 given in additional sheets.</span></span></p>','https://www.youtube.com/embed/RtkesgzsTGE',3088,1,'<p><u><strong>For Faculty (Teacher):</strong></u><br />\r\n&nbsp;1. Check&nbsp;</p>','',3,1,1),(99,'Defining GST at Company Level Part 1','','https://www.youtube.com/embed/26rfqtSrMEI',3089,1,'','',3,0,0),(100,'Defining GST at Company Level Part 2','<p><span style=\"font-size:11.0pt\"><span style=\"font-family:&quot;Calibri&quot;,sans-serif\">Complete the topic GST Goods and Services Tax from Volume 3 Page No: 1 to Page No:8</span></span></p>','https://www.youtube.com/embed/xUDe2wsy-U0',3090,1,'','',3,0,0),(101,'Defining GST at Stock Group Level','<p><span style=\"font-size:11.0pt\"><span style=\"font-family:&quot;Calibri&quot;,sans-serif\">Complete the topic Defining GST at Stock Group Level from Volume 3 (Page No:9 to Page No: top of 11)</span></span></p>','https://www.youtube.com/embed/ssM_csQHr40',3091,1,'','',3,0,0),(102,'Defining GST at Stock Item Level','<p><span style=\"font-size:11.0pt\"><span style=\"font-family:&quot;Calibri&quot;,sans-serif\">Complete the topic Defining GST at Stock Item Level from Volume 3 Page No: 11 to Page no:14</span></span></p>','https://www.youtube.com/embed/UosN2Qg6Z64',3092,1,'','',3,0,0),(103,'Inter State B2B, B2C Large and Intra State B2C','<p><span style=\"font-size:11.0pt\"><span style=\"font-family:&quot;Calibri&quot;,sans-serif\">Complete the topic B2B Inter-State Sales, B2C (Large) Inter-State Sales, and B2C (Small) Inter-State Sales from Volume 3 Page No: 14 to 19</span></span></p>','https://www.youtube.com/embed/3tZvn6e6ETs',3093,1,'','',3,0,0),(104,'GST (Ledger Level)','<p><span style=\"font-size:11.0pt\"><span style=\"font-family:&quot;Calibri&quot;,sans-serif\">Complete the topic <strong>Defining GST at Ledger Level</strong> from Volume 3 Page No: 19 to 28</span></span></p>','https://www.youtube.com/embed/owfzFwy7t1c',3094,1,'','',3,0,0),(105,'Sales Return (Credit Note) with GST Adjustment','<p><span style=\"font-size:11.0pt\"><span style=\"font-family:&quot;Calibri&quot;,sans-serif\">Complete the topic Credit Note from Volume 3 Page No: (28 to 33)</span></span></p>','https://www.youtube.com/embed/1B9gS1TYHAE',3095,1,'','',3,0,0),(106,'Purchase Return (Debit Note) with GST Adjustment','<p><span style=\"font-size:11.0pt\"><span style=\"font-family:&quot;Calibri&quot;,sans-serif\">Complete the topic Debit Note from Volume 3 Page No: (33 to Page No:35)</span></span></p>','https://www.youtube.com/embed/uooS5vlyDjE',3096,1,'','',3,0,0),(107,'Case Study Samarth Electricals','<p><span style=\"font-size:11.0pt\"><span style=\"font-family:&quot;Calibri&quot;,sans-serif\">Complete the case study <strong>Samarth Electricals </strong>given on Page No: 20 to Top of 22 given as additional sheets.</span></span></p>','',3097,1,'<p><u><strong>For&nbsp; Faculty (Teacher):</strong></u><br />\r\n&nbsp;1. Check&nbsp;</p>','',3,0,1),(108,'Nill Rated, Exempted and Non-GST Goods','<p><span style=\"font-size:11.0pt\"><span style=\"font-family:&quot;Calibri&quot;,sans-serif\">Complete the topic Nill Rated Invoices from Volume 3 (Page No: 36 to Page No: 40)</span></span></p>','https://www.youtube.com/embed/Vo9SS1UaoCs',3098,1,'','',3,0,0),(109,'Export Theory','','https://www.youtube.com/embed/BmwZEe2CHlM',3099,1,'','',3,0,0),(110,'Export with Payment of Tax','<p><span style=\"font-size:11.0pt\"><span style=\"font-family:&quot;Calibri&quot;,sans-serif\">Complete the topic Export Taxable from Volume 3 Page No: 40 to 42</span></span></p>','https://www.youtube.com/embed/YbXw05YOhBM',3100,1,'','',3,0,0),(111,'Case Study Export With Payment of Tax','<p><span style=\"font-size:11.0pt\"><span style=\"font-family:&quot;Calibri&quot;,sans-serif\">Complete the case study <strong>Export With Payment of Tax </strong>given on Page No: 22 to Top of 23 from additional sheets.</span></span></p>','',3101,1,'<p><u><strong>For Faculty (Teacher):</strong></u><br />\r\n&nbsp;1. Check&nbsp;</p>','',3,0,1),(112,'Export of Exempted Goods and Export under LUT/ Bond','<p><span style=\"font-size:11.0pt\"><span style=\"font-family:&quot;Calibri&quot;,sans-serif\">Complete the topic sales Export Exempted Goods And Export Under LUT/ Bond from Volume 3 Page No:43 to 45</span></span></p>','https://www.youtube.com/embed/g9yTtUjnqLs',3102,1,'','',3,0,0),(113,'Case Study Export under LUT / Bond','<p><span style=\"font-size:11.0pt\"><span style=\"font-family:&quot;Calibri&quot;,sans-serif\">Complete the case study <strong>Export under LUT / Bond </strong>given on Page No: 23 to Top of 24 from additional sheets.</span></span></p>','',3103,1,'<p>For Faculty (Teacher):<br />\r\n&nbsp;1. Check&nbsp;</p>','',3,0,1),(114,'Supply of Services','','https://www.youtube.com/embed/g7y60Awmkzs',3104,1,'','',3,0,0),(115,'Advance Received towards Supply of Services','<p><span style=\"font-size:11pt\"><span style=\"font-family:Calibri,sans-serif\">Complete the topic Advance Received towards Supply of Services</span></span></p>\r\n\r\n<p><span style=\"font-size:11.0pt\"><span style=\"font-family:&quot;Calibri&quot;,sans-serif\">&nbsp;from Volume 3 Page No: 45 to 53</span></span></p>','https://www.youtube.com/embed/gIC77V0EMro',3105,1,'','',3,0,0),(116,'Availing of Input Credit - April 2020','<p><span style=\"font-size:11pt\"><span style=\"font-family:Calibri,sans-serif\">Complete the topic Availing of Input Credit - April 2020</span></span></p>\r\n\r\n<p><span style=\"font-size:11.0pt\"><span style=\"font-family:&quot;Calibri&quot;,sans-serif\">&nbsp;from Volume 3 Page No: 53 to 55</span></span></p>','https://www.youtube.com/embed/yE1866Z22lg',3106,1,'','',3,0,0),(117,'Supply of Services against Advance Received','<p><span style=\"font-size:11.0pt\"><span style=\"font-family:&quot;Calibri&quot;,sans-serif\">Complete the topic Suppy of Service from Volume 3 Page No: 55 to 62</span></span></p>','https://www.youtube.com/embed/4t1icGt4Noo',3107,1,'','',3,0,0),(118,'Case Study Adjustment of advance received from customer under GST','<p><span style=\"font-size:11.0pt\"><span style=\"font-family:&quot;Calibri&quot;,sans-serif\">Complete the case study <strong>Adjustment of advance received from customer under GST </strong>given on Page 24 to Top of 25 from additional sheets.</span></span></p>','',3108,1,'<p><u><strong>For Faculty (Teacher):</strong></u><br />\r\n&nbsp;1. Check&nbsp;</p>','',3,0,1),(119,'Import of Goods Under GST Part I','','https://www.youtube.com/embed/J5iepO6sSdA',3109,1,'','',3,0,0),(120,'Import of Goods Under GST Part 2','<p><span style=\"font-size:11.0pt\"><span style=\"font-family:&quot;Calibri&quot;,sans-serif\">Complete the topic Import of Goods under GST from Volume 3 Page No: 62 to top of 70</span></span></p>','https://www.youtube.com/embed/PRcPIRxj76M',3110,1,'','',3,0,0),(121,'Case Study Import of goods under GST','<p><span style=\"font-size:11.0pt\"><span style=\"font-family:&quot;Calibri&quot;,sans-serif\">Complete the case study <strong>Import of goods under GST </strong>given on Page 25 to Top of 26 from additional sheets.</span></span></p>','',3111,1,'<p><u><strong>For Faculty (Teacher):</strong></u><br />\r\n&nbsp;1. Check&nbsp;</p>','',3,0,0),(122,'Case Study Import of services GST','<p><span style=\"font-size:11.0pt\"><span style=\"font-family:&quot;Calibri&quot;,sans-serif\">Complete the case study <strong>Import of services GST </strong>given on Page bottom of 26 from additional sheets.</span></span></p>','',3112,1,'<p><u><strong>For Faculty (Teacher):</strong></u><br />\r\n&nbsp;1. Check&nbsp;</p>','',3,0,1),(123,'Services received from Goods Transport Agency','<p><span style=\"font-size:11.0pt\"><span style=\"font-family:&quot;Calibri&quot;,sans-serif\">Complete the topic Services received from Goods Transport Agency from Volume 3 Page No: (bottom of 70 to top of 76)</span></span></p>','https://www.youtube.com/embed/Pe9KEDx0aXo',3113,1,'','',3,0,0),(124,'Case Study Services from GTA','<p><span style=\"font-size:11.0pt\"><span style=\"font-family:&quot;Calibri&quot;,sans-serif\">Complete the case study <strong>Services from GTA </strong>given on Page 27 to Top of 28 from additional sheets.</span></span></p>','',3114,1,'<p><u><strong>For Faculty (Teacher):</strong></u><br />\r\n&nbsp;1. Check&nbsp;</p>','',3,0,1),(125,'Availing of Input Credit - May 2020','<p><span style=\"font-size:11pt\"><span style=\"font-family:Calibri,sans-serif\">Complete the topic Availing of Input Credit - May 2020</span></span></p>\r\n\r\n<p><span style=\"font-size:11.0pt\"><span style=\"font-family:&quot;Calibri&quot;,sans-serif\">&nbsp;from Volume 3 Page No: ( Bottom of 76 to top of 78)</span></span></p>','https://www.youtube.com/embed/DX42-1SyFLo',3115,1,'','',3,0,0),(126,'GST Returns (GSTR-1 & GSTR-3B)','<p><span style=\"font-size:11.0pt\"><span style=\"font-family:&quot;Calibri&quot;,sans-serif\">Complete the topic GST Returns (GSTR-1 &amp; GSTR-3B) from Volume 3 Page No: (Bottom of 78 to Top of 82)</span></span></p>','https://www.youtube.com/embed/3WznFDyl0OI',3116,1,'','',3,0,0),(127,'Change in GST Rate','<p><span style=\"font-size:11.0pt\"><span style=\"font-family:&quot;Calibri&quot;,sans-serif\">Complete the topic Change in Tax Rate from Volume 3 Page No: (Bottom of 82 to 85)</span></span></p>','https://www.youtube.com/embed/pKMabbNHiZw',3117,1,'','',3,0,0),(128,'Availing of Input Credit - June 2020','<p><span style=\"font-size:11.0pt\"><span style=\"font-family:&quot;Calibri&quot;,sans-serif\">Complete the topic Availing Off Input Credit and Payment of Tax from Volume 3 (Page No:86 to 90) </span></span></p>','https://www.youtube.com/embed/mtYr5Lpyo0I',3118,1,'','',3,0,0),(129,'GST Based of Item Rate','<p><span style=\"font-size:11pt\"><span style=\"font-family:Calibri,sans-serif\">Complete the topic GST Based of Item Rate</span></span></p>\r\n\r\n<p><span style=\"font-size:11.0pt\"><span style=\"font-family:&quot;Calibri&quot;,sans-serif\">&nbsp;from Volume 3 Page No: (91 to Top of 95)</span></span></p>','https://www.youtube.com/embed/P1Jtn2qpR70',3119,1,'','',3,0,0),(130,'Effect of Additional Charges and Discount on Assessable Value','<p><span style=\"font-size:11pt\"><span style=\"font-family:Calibri,sans-serif\">Complete the topic GST Based of Item Rate</span></span></p>\r\n\r\n<p><span style=\"font-size:11.0pt\"><span style=\"font-family:&quot;Calibri&quot;,sans-serif\">&nbsp;from Volume 3 Page No: (Bottom of 95 to Top of 98)</span></span></p>','https://www.youtube.com/embed/9IZtdrbcHIA',3120,1,'','',3,0,0),(131,'E-Way Bill and E-Invoice in TallyPrime','<p><span style=\"font-size:11.0pt\"><span style=\"font-family:&quot;Calibri&quot;,sans-serif\">Complete the topic E-Way Bill and E-Invoice from Volume 3 Page No:(Bottom of 98 to 102)</span></span></p>','https://www.youtube.com/embed/YsmrqUpc1hs',3121,1,'','',3,0,0),(132,'TCS on Sale of Goods in Tally Prime','<p><span style=\"font-size:11.0pt\"><span style=\"font-family:&quot;Calibri&quot;,sans-serif\">Complete the topic TCS on Sale of Goods&nbsp; from Volume 3 Page No: (103 to 108)</span></span></p>','https://www.youtube.com/embed/7XhDa2OqdZE',3122,1,'','',3,0,0),(133,'Case Study TCS on Sale of Goods','<p><span style=\"font-size:11.0pt\"><span style=\"font-family:&quot;Calibri&quot;,sans-serif\">Complete the case study <strong>TCS on Sale of Goods </strong>given on Page Bottom of 28 from additional sheets.</span></span></p>','',3123,1,'<p><u><strong>For Faculty (Teacher):</strong></u><br />\r\n&nbsp;1. Check&nbsp;</p>','',3,0,1),(134,'Automating Sales Voucher Type using Voucher Class to Automate GST Calculations','<p><span style=\"font-size:11.0pt\"><span style=\"font-family:&quot;Calibri&quot;,sans-serif\">Alter the Sales voucher type off the company Trick Corporation as shown in the video.</span></span></p>','https://www.youtube.com/embed/8CWz0H_GzjQ',3124,1,'<p><u><strong>For Faculty (Teacher):</strong></u><br />\r\n&nbsp;1. Check&nbsp;</p>','',3,0,1),(135,'Tax Collected at Source in TallyPrime','<p><span style=\"font-size:11.0pt\"><span style=\"font-family:&quot;Calibri&quot;,sans-serif\">Complete the topic Tax Collected at Source from Volume 3 Page No: (126 to 132)</span></span></p>','https://www.youtube.com/embed/c1nZ-u6o3Kw',3125,1,'','',3,0,0),(136,'TDS - Tax Deducted at Source in Tally Prime Part I','<p><span style=\"font-size:11.0pt\"><span style=\"font-family:&quot;Calibri&quot;,sans-serif\">Do the case study according to the video.</span></span></p>','https://www.youtube.com/embed/qg3-NSBlARI',3126,1,'','',3,0,0),(137,'TDS - Tax Deducted at Source in Tally Prime Part 2','<p><span style=\"font-size:11.0pt\"><span style=\"font-family:&quot;Calibri&quot;,sans-serif\">Do the case study according to the video.</span></span></p>','https://www.youtube.com/embed/YwutFL2dQYs',3127,1,'<p>For Faculty (Teacher):<br />\r\n&nbsp;1. Checked the work done</p>','',3,0,1),(138,'Printing Reports and Documents from TallyPrime','','https://www.youtube.com/embed/q6l0SA_UyHc',3128,1,'','',3,0,0),(139,'E-Mailing Reports & Documents from TallyPrime','','https://www.youtube.com/embed/CO89sqLSI8Y',3129,1,'','',3,0,0),(140,'Exporting Data and Reports to be View or Edited','','https://www.youtube.com/embed/w37po-CraGk',3130,1,'','',3,0,0);
/*!40000 ALTER TABLE `videos_video` ENABLE KEYS */;
UNLOCK TABLES;

--
-- Table structure for table `videos_videoviews`
--

DROP TABLE IF EXISTS `videos_videoviews`;
/*!40101 SET @saved_cs_client     = @@character_set_client */;
/*!50503 SET character_set_client = utf8mb4 */;
CREATE TABLE `videos_videoviews` (
  `id` bigint(20) NOT NULL AUTO_INCREMENT,
  `timeOfView` datetime(6) NOT NULL,
  `video_id` bigint(20) NOT NULL,
  `user_id` int(11) NOT NULL,
  `faculty_id` int(11) NOT NULL,
  PRIMARY KEY (`id`),
  KEY `videos_videoviews_user_id_b337ea3d_fk_auth_user_id` (`user_id`),
  KEY `videos_videoviews_video_id_1b59488c_fk_videos_video_id` (`video_id`),
  KEY `videos_videoviews_faculty_id_622d6a0e_fk_auth_user_id` (`faculty_id`),
  CONSTRAINT `videos_videoviews_faculty_id_622d6a0e_fk_auth_user_id` FOREIGN KEY (`faculty_id`) REFERENCES `auth_user` (`id`),
  CONSTRAINT `videos_videoviews_user_id_b337ea3d_fk_auth_user_id` FOREIGN KEY (`user_id`) REFERENCES `auth_user` (`id`),
  CONSTRAINT `videos_videoviews_video_id_1b59488c_fk_videos_video_id` FOREIGN KEY (`video_id`) REFERENCES `videos_video` (`id`)
) ENGINE=InnoDB AUTO_INCREMENT=77 DEFAULT CHARSET=utf8;
/*!40101 SET character_set_client = @saved_cs_client */;

--
-- Dumping data for table `videos_videoviews`
--

LOCK TABLES `videos_videoviews` WRITE;
/*!40000 ALTER TABLE `videos_videoviews` DISABLE KEYS */;
INSERT INTO `videos_videoviews` VALUES (9,'2022-10-14 11:46:03.735017',11,4,4),(10,'2022-10-14 11:46:07.054472',12,4,4),(11,'2022-10-14 11:46:10.468088',13,4,4),(12,'2022-10-14 11:46:13.626325',14,4,4),(13,'2022-10-14 11:46:16.922687',15,4,4),(14,'2022-10-14 11:46:19.695476',16,4,4),(15,'2022-10-14 11:46:23.375007',17,4,4),(16,'2022-10-14 11:47:22.466926',18,4,4),(17,'2022-10-14 11:47:35.350972',19,4,4),(18,'2022-10-14 11:47:39.433673',20,4,4),(19,'2022-10-14 11:47:42.488128',21,4,4),(20,'2022-10-14 11:48:43.712088',22,4,4),(21,'2022-10-14 12:30:42.612477',23,4,4),(22,'2022-10-14 12:30:48.136793',24,4,4),(23,'2022-10-14 12:30:53.291965',25,4,4),(24,'2022-10-14 12:30:58.872491',26,4,4),(25,'2022-10-14 12:31:03.426051',27,4,4),(26,'2022-10-14 12:31:07.721903',28,4,4),(27,'2022-10-14 12:31:13.146014',29,4,4),(28,'2022-10-14 12:31:19.131224',30,4,4),(29,'2022-10-14 12:31:23.702615',31,4,4),(30,'2022-10-14 12:31:28.038814',32,4,4),(31,'2022-10-14 12:31:33.132701',33,4,4),(32,'2022-10-14 12:31:36.958570',34,4,4),(33,'2022-10-14 12:31:40.783117',35,4,4),(34,'2022-10-14 12:31:45.044636',36,4,4),(35,'2022-10-14 12:32:46.697998',37,4,4),(36,'2022-10-14 12:32:51.408298',38,4,4),(37,'2022-10-14 12:32:58.189870',39,4,4),(38,'2022-10-14 12:33:02.346735',40,4,4),(39,'2022-10-14 12:33:08.119608',41,4,4),(40,'2022-10-14 12:35:08.242579',42,4,4),(41,'2022-10-14 12:35:13.811015',43,4,4),(42,'2022-10-17 12:52:51.743335',11,2,2),(43,'2022-10-17 13:16:18.998246',11,3,3),(44,'2022-10-17 13:33:13.702151',12,2,1),(45,'2022-10-17 13:34:05.340330',13,2,2),(46,'2022-10-17 13:35:08.789269',14,2,2),(47,'2022-10-17 13:35:38.287329',15,2,2),(48,'2022-10-17 13:35:57.166088',16,2,2),(49,'2022-10-17 13:36:09.283686',17,2,2),(50,'2022-10-17 13:36:19.565883',18,2,2),(51,'2022-10-17 13:36:31.246806',19,2,2),(52,'2022-10-17 13:36:41.399256',20,2,2),(53,'2022-10-17 13:37:04.359598',21,2,2),(54,'2022-10-17 13:37:22.151392',22,2,2),(55,'2022-10-17 13:38:46.633727',23,2,2),(56,'2022-10-17 13:42:15.459084',24,2,2),(57,'2022-10-17 13:43:03.847731',25,2,2),(58,'2022-10-17 13:45:43.921094',26,2,2),(59,'2022-10-17 13:46:13.390380',27,2,2),(60,'2022-10-17 13:46:24.270820',28,2,2),(61,'2022-10-17 13:46:41.077657',29,2,2),(62,'2022-10-17 13:51:38.978142',12,3,1),(63,'2022-10-17 13:52:35.084638',12,3,1),(64,'2022-10-17 15:18:52.781509',30,2,2),(65,'2022-10-20 11:22:09.910078',44,4,4),(66,'2022-10-20 11:22:20.483007',45,4,4),(67,'2022-10-20 11:22:29.472686',46,4,4),(68,'2022-10-20 11:23:12.911136',47,4,1),(69,'2022-10-20 12:01:54.329912',13,3,3),(70,'2022-10-20 12:02:05.912477',14,3,3),(71,'2022-10-20 12:19:28.151833',15,3,3),(72,'2022-10-20 12:23:54.598725',16,3,3),(73,'2022-10-20 12:25:12.473208',17,3,3),(74,'2022-10-20 12:25:38.756554',18,3,3),(75,'2022-10-20 12:26:18.609681',19,3,1),(76,'2022-10-20 15:58:28.059861',20,3,1);
/*!40000 ALTER TABLE `videos_videoviews` ENABLE KEYS */;
UNLOCK TABLES;
/*!40103 SET TIME_ZONE=@OLD_TIME_ZONE */;

/*!40101 SET SQL_MODE=@OLD_SQL_MODE */;
/*!40014 SET FOREIGN_KEY_CHECKS=@OLD_FOREIGN_KEY_CHECKS */;
/*!40014 SET UNIQUE_CHECKS=@OLD_UNIQUE_CHECKS */;
/*!40101 SET CHARACTER_SET_CLIENT=@OLD_CHARACTER_SET_CLIENT */;
/*!40101 SET CHARACTER_SET_RESULTS=@OLD_CHARACTER_SET_RESULTS */;
/*!40101 SET COLLATION_CONNECTION=@OLD_COLLATION_CONNECTION */;
/*!40111 SET SQL_NOTES=@OLD_SQL_NOTES */;

-- Dump completed on 2022-10-21  5:05:13
